Number,Department,CountryFull,City,StreetAddress,StateFull,State,Country,ZipCode,UPS,TelephoneNumber
1,Department 1734,United States,Ventura,1734 Creekside Lane,California,CA,US,93003,1Z 299 1V1 79 4445 505 8,805-675-7518
2,Department Weihburggasse,Austria,AIGEN,Weihburggasse 70,Carinthia,KA,AT,9546,1Z 773 655 98 2950 339 2,0664 967 81 64
3,Department 3220,United States,Okla City,3220 Hott Street,Oklahoma,OK,US,73107,1Z 061 279 22 4530 183 7,405-706-0731
4,Department Waldstrasse,Austria,FELDKIRCH,Waldstrasse 18,Vorarlberg,VO,AT,6800,1Z V00 Y28 57 9952 183 4,0676 696 39 91
5,Department 3177,United States,Houston,3177 Wines Lane,Texas,TX,US,77002,1Z 587 A30 18 3876 445 8,832-342-1855
6,Department 743,United States,Tulsa,743 Henry Ford Avenue,Oklahoma,OK,US,74145,1Z 273 A28 30 2391 014 0,918-204-8747
7,Department 1542,United States,New York,1542 Geraldine Lane,New York,NY,US,10011,1Z 58F Y43 19 2751 228 7,646-274-1766
8,Department 3086,United States,Nassau,3086 Joes Road,New York,NY,US,12123,1Z 524 5W2 06 3726 891 9,518-766-9225
9,Department Langenloiser,Austria,MÖCHLING,Langenloiser Strasse 26,Carinthia,KA,AT,9132,1Z 11E Y65 38 9559 167 9,0688 343 73 96
10,Department 2671,United States,Saint Paul,2671 Willison Street,Minnesota,MN,US,55104,1Z 265 2F3 56 9165 440 7,763-289-9587
11,Department Blaue,Austria,OBERACHMANN,Blaue Lagune 22,Upper Austria,OO,AT,4861,1Z A22 127 01 5045 479 6,0681 801 25 28
12,Department 3696,Canada,Sudbury,3696 Paris St,Ontario,ON,CA,P3E 4N2,1Z 4W0 V60 53 6444 863 8,705-626-0305
13,Department 3728,United States,Houston,3728 Richland Avenue,Texas,TX,US,77002,1Z 3F6 9Y3 66 8582 746 7,281-301-1010
14,Department 4169,United States,Plainfield,4169 Stonepot Road,New Jersey,NJ,US,7060,1Z 604 394 73 0409 231 7,908-412-6974
15,Department 95,United Kingdom,PENTREHEYLING,95 Fulford Road,,,GB,SY15 7PJ,1Z 145 745 83 3203 704 4,070 1819 1979
16,Department 36,Australia,SANDY CREEK,36 Campbells River Road,New South Wales,NSW,AU,2835,1Z 621 F20 84 2164 152 3,(02) 4090 6446
17,Department Schützengartenstrasse,Austria,MAAD,Schützengartenstrasse 66,Upper Austria,OO,AT,4775,1Z 065 037 71 6804 621 3,0699 858 27 23
18,Department 4,United Kingdom,ECCHINSWELL,4 Haslemere Road,,,GB,RG20 9SG,1Z 605 235 16 9470 543 0,077 6724 5362
19,Department Kimpling,Austria,SITTLING,Kimpling 58,Upper Austria,OO,AT,4085,1Z 977 52F 33 0108 829 6,0699 546 92 42
20,Department 99,Australia,WIRRULLA,99 Bayview Road,South Australia,SA,AU,5661,1Z 617 669 31 6150 076 0,(08) 8764 9610
21,Department 647,United States,Springfield,647 Hilltop Street,Massachusetts,MA,US,1103,1Z 913 V86 67 1952 804 1,413-674-9026
22,Department 87,United Kingdom,STICKNEY,87 Netherpark Crescent,,,GB,PE22 6LH,1Z 063 564 07 4162 142 2,078 1227 7770
23,Department 2187,United States,Atlanta,2187 Adonais Way,Georgia,GA,US,30310,1Z 68W 4Y9 18 4928 440 0,678-449-0434
24,Department 993,United States,Rancho California,993 Denver Avenue,California,CA,US,92390,1Z 312 174 82 6337 393 5,951-308-4459
25,Department 16,United Kingdom,SIDESTRAND,16 Stroude Road,,,GB,NR27 0SL,1Z 1F5 453 34 1235 133 6,070 6125 2730
26,Department 69,United Kingdom,FFARMERS,69 Rhosddu Rd,,,GB,SA19 5UN,1Z 306 858 66 4257 886 0,077 2653 0564
27,Department 99,Australia,MORANG SOUTH,99 Villeneuve Street,Victoria,VIC,AU,3752,1Z 482 954 53 7614 697 9,(03) 9713 5528
28,Department Mollardgasse,Austria,TAMBERGAU,Mollardgasse 99,Upper Austria,OO,AT,4574,1Z E48 999 91 4175 893 1,0688 976 59 01
29,Department 9,United Kingdom,LLANGWYLLOG,9 Constitution St,,,GB,LL77 0GB,1Z 938 070 72 0423 154 2,077 5143 6208
30,Department Aufeld,Austria,FRITZBERG,Aufeld 58,Lower Austria,NO,AT,3240,1Z 371 569 90 0077 857 2,0681 681 04 42
31,Department 71,Australia,HOPE GAP,71 Sinclair Street,South Australia,SA,AU,5555,1Z 52V 741 81 9541 605 8,(08) 8336 3161
32,Department Ernstbrunner,Austria,REINÖD,Ernstbrunner Strasse 97,Lower Austria,NO,AT,3242,1Z 9A3 841 49 2039 745 4,0650 942 33 50
33,Department 77,United Kingdom,EDGCUMBE,77 Park Row,,,GB,TR10 0RB,1Z 523 170 34 1276 594 7,070 0142 1825
34,Department 4767,Canada,St Laurent,4767 Pitfield Blvd,Quebec,QC,CA,H4S 1H3,1Z Y18 070 85 4271 969 6,514-817-2675
35,Department 2708,Canada,Foam Lake,2708 Terry Fox Dr,Saskatchewan,SK,CA,S4P 3Y2,1Z 177 6W3 08 3675 257 0,306-272-9058
36,Department 6,Australia,METFORD DC,6 Gaggin Street,New South Wales,NSW,AU,2323,1Z Y90 300 07 7067 379 5,(02) 4930 4377
37,Department 1565,United States,Everett,1565 Hershell Hollow Road,Washington,WA,US,98208,1Z 123 5V4 88 0209 836 7,425-263-2932
38,Department 1623,Canada,Meadow Lake,1623 Main St,Saskatchewan,SK,CA,S0M 1V0,1Z 033 A46 50 1151 658 4,306-234-9360
39,Department 61,Australia,KRONKUP,61 Baker Street,Western Australia,WA,AU,6330,1Z 488 9Y3 60 8980 487 6,(08) 9019 3115
40,Department 93,Australia,MOLENDINAR,93 Ross Street,Queensland,QLD,AU,4214,1Z F51 98W 50 3560 687 5,(07) 5678 1530
41,Department Bonygasse,Austria,INNERLEITEN,Bonygasse 99,Upper Austria,OO,AT,4873,1Z Y78 644 32 7006 069 9,0664 387 87 28
42,Department 54,Australia,BALLYROE,54 Plantation Place,New South Wales,NSW,AU,2795,1Z 382 6V9 08 2672 593 9,(02) 4052 5306
43,Department 3503,United States,Albuquerque,3503 Chapmans Lane,New Mexico,NM,US,87106,1Z 927 497 16 6150 082 9,505-891-1193
44,Department 28,Australia,SUTHERLAND,28 Taltarni Road,Victoria,VIC,AU,3478,1Z 578 567 92 8458 017 9,(03) 5318 7288
45,Department 22,United Kingdom,TUR LANGTON,22 Castledore Road,,,GB,LE8 1FU,1Z 671 435 18 7839 356 1,078 1752 8964
46,Department 46,United Kingdom,CROFT,46 Carriers Road,,,GB,PE24 4UA,1Z 3A2 145 66 0695 948 9,077 2873 2745
47,Department 4690,Canada,New Westminster,4690 Sixth Street,British Columbia,BC,CA,V3L 3C1,1Z 821 907 65 7921 428 8,604-878-7656
48,Department 98,Australia,BOSTOBRICK,98 Cofton Close,New South Wales,NSW,AU,2453,1Z 175 571 10 6197 231 3,(02) 6729 6465
49,Department 3577,Canada,Red Deer,3577 Galts Ave,Alberta,AB,CA,T4N 2A6,1Z 935 V20 63 7489 587 4,403-304-2375
50,Department 91,Australia,HALLS GAP,91 Swanston Street,Victoria,VIC,AU,3381,1Z A80 930 04 2917 695 2,(03) 5308 4764
51,Department 36,Australia,BUNGIL,36 Cunningham Street,Queensland,QLD,AU,4455,1Z E35 W77 59 7662 577 5,(07) 4577 5109
52,Department 4527,Canada,Oliver,4527 Haaglund Rd,British Columbia,BC,CA,V0H 1T0,1Z V59 268 89 2250 504 4,250-498-4656
53,Department 9,United Kingdom,UPWELL,9 Canterbury Road,,,GB,PE14 8GG,1Z 660 V51 34 4718 094 1,079 6525 5713
54,Department 63,United Kingdom,GLENMOY,63 Brynglas Road,,,GB,DD8 7XN,1Z 737 Y81 63 3327 097 2,070 5217 6922
55,Department 15,Australia,PHEASANT CREEK,15 Bayley Street,Victoria,VIC,AU,3757,1Z 954 841 92 9881 839 4,(03) 8654 8501
56,Department 55,Australia,SIX MILE FLAT,55 Adavale Road,New South Wales,NSW,AU,2580,1Z 587 E69 21 4234 969 7,(02) 6163 8292
57,Department 27,United Kingdom,LONGTOWN,27 Great Western Road,,,GB,HR2 6ZD,1Z 084 Y16 00 5877 786 0,070 6423 2145
58,Department Sternhofweg,Austria,GOING AM WILDEN KAISER,Sternhofweg 39,Tyrol,TR,AT,6353,1Z 207 227 20 1121 571 4,0688 825 19 00
59,Department 49,United Kingdom,LONDON,49 Guild Street,,,GB,NW1 4SH,1Z 692 952 81 2241 507 1,077 0913 9514
60,Department 3830,Canada,Coquitlam,3830 Glover Road,British Columbia,BC,CA,V3J 4S1,1Z 994 440 79 0354 919 8,604-931-4129
61,Department 156,Canada,Edmonton,156 184th Street,Alberta,AB,CA,T5J 2R4,1Z 302 337 42 6708 491 8,780-913-9236
62,Department 4980,Canada,Edmonton,4980 A Avenue,Alberta,AB,CA,T5J 0K7,1Z 818 433 19 1094 570 3,780-420-2666
63,Department 60,Australia,UPPER ORARA,60 Glenpark Road,New South Wales,NSW,AU,2450,1Z A22 585 54 0502 308 8,(02) 6783 1070
64,Department Hauptstrasse,Austria,PÜHRET,Hauptstrasse 90,Lower Austria,NO,AT,4143,1Z 291 A95 08 4178 933 0,0699 380 19 49
65,Department 88,United Kingdom,STEINMANHILL,88 Netherpark Crescent,,,GB,AB53 4DU,1Z 924 00F 94 4417 216 5,077 2686 4948
66,Department 994,Canada,Ottawa,994 MacLaren Street,Ontario,ON,CA,K1P 5M7,1Z 039 944 87 2149 400 3,613-368-2200
67,Department 93,Australia,BELLBRAE,93 Shell Road,Victoria,VIC,AU,3228,1Z 147 8V1 53 2900 531 2,(03) 5333 6304
68,Department 4248,United States,Gould,4248 Simpson Square,Oklahoma,OK,US,73544,1Z 197 29A 42 6003 224 7,580-676-5483
69,Department 3822,Canada,Change Islands,3822 Glencoe Drive,Newfoundland and Labrador,NL,CA,A1C 5H6,1Z 337 995 14 3023 709 9,709-621-9274
70,Department 46,Australia,LEARMONTH,46 Edmundsons Road,Victoria,VIC,AU,3352,1Z 563 004 65 2013 291 4,(03) 5379 5775
71,Department Wiehtestrasse,Austria,SIEDING,Wiehtestrasse 77,Lower Austria,NO,AT,2630,1Z 171 456 77 4394 032 4,0680 757 75 89
72,Department 94,Australia,HEPBURN,94 Cherokee Road,Victoria,VIC,AU,3461,1Z 171 206 01 4481 386 5,(03) 5334 9849
73,Department 3793,Canada,Kelowna,3793 Hardy Street,British Columbia,BC,CA,V1Y 8H2,1Z 957 2A8 33 5778 798 8,250-979-4284
74,Department 78,Australia,HALLETT COVE,78 Henley Beach Road,South Australia,SA,AU,5158,1Z 750 059 84 4066 439 4,(08) 8219 8524
75,Department 52,United Kingdom,HAM,52 Bury Rd,,,GB,TW10 1NZ,1Z A88 F11 62 2348 040 9,079 8455 9960
76,Department 25,United Kingdom,MUGEARY,25 Ilchester Road,,,GB,IV51 2TT,1Z 021 745 19 9154 839 2,079 5006 2322
77,Department 393,Canada,Buffalo Narrows,393 St. John Street,Saskatchewan,SK,CA,S4P 3Y2,1Z 903 069 01 2362 717 7,306-235-0368
78,Department 61,United Kingdom,NEWARK-ON-TRENT,61 Lairg Road,,,GB,NG24 5UW,1Z A28 756 36 1636 692 8,077 0865 2544
79,Department 74,Australia,HAY POINT,74 Hay Point Road,Queensland,QLD,AU,4740,1Z 941 W58 75 4197 992 8,(07) 4963 2476
80,Department 4721,United States,Lafayette,4721 Bridge Avenue,Louisiana,LA,US,70503,1Z 898 551 05 3644 845 4,337-735-3406
81,Department 36,United Kingdom,SARNAU,36 Vicar Lane,,,GB,SY22 3BP,1Z 83Y 8W6 96 7822 186 2,077 0534 6935
82,Department Wurmbrandgasse,Austria,SIEBENHIRTEN,Wurmbrandgasse 90,Lower Austria,NO,AT,3071,1Z 8V1 149 04 8104 991 2,0680 163 76 18
83,Department 357,Canada,Alberta Beach,357 Park Ct,Alberta,AB,CA,T0E 0A0,1Z 184 63V 68 1080 076 7,780-924-4955
84,Department 62,Australia,GREENVIEW,62 Raglan Street,Queensland,QLD,AU,4606,1Z 827 41F 64 4709 488 1,(07) 4553 0152
85,Department 38,United Kingdom,NETHERWOOD,38 North Road,,,GB,DG1 1GG,1Z V24 219 39 2016 624 0,079 6915 5359
86,Department 657,Canada,Montreal,657 Papineau Avenue,Quebec,QC,CA,H2K 4J5,1Z 008 40W 76 9027 388 9,514-758-7510
87,Department Kalhamer,Austria,GANZ,Kalhamer Strasse 60,Lower Austria,NO,AT,3281,1Z 399 240 24 9707 656 7,0650 977 58 44
88,Department Grazer,Austria,HART,Grazer Strasse 52,Carinthia,KA,AT,9556,1Z 226 778 15 8128 337 9,0676 890 57 07
89,Department 4617,United States,Wichita,4617 Williams Lane,Kansas,KS,US,67214,1Z A45 811 36 7593 662 4,316-518-4026
90,Department 26,Australia,LONGARM,26 Yangan Drive,New South Wales,NSW,AU,2347,1Z 040 Y01 51 0022 366 4,(02) 6773 4711
91,Department 3123,United States,New York,3123 Small Street,New York,NY,US,10007,1Z 72W 443 53 7133 002 2,212-815-6763
92,Department 89,Australia,EAST MOONTA,89 Sinclair Street,South Australia,SA,AU,5558,1Z 833 709 48 3342 541 7,(08) 8366 7140
93,Department 68,United Kingdom,HALIFAX,68 Fordham Rd,,,GB,HX1 0UA,1Z 950 4W4 41 5161 524 7,078 2520 5007
94,Department Waldstrasse,Austria,FELBERACH,Waldstrasse 50,Lower Austria,NO,AT,3261,1Z 234 608 76 4360 729 9,0688 242 20 40
95,Department 388,United States,Levelland,388 Smithfield Avenue,Texas,TX,US,79336,1Z 475 25W 39 3199 097 2,806-716-7271
96,Department 2635,United States,Dallas,2635 Jones Street,Texas,TX,US,75207,1Z 205 24A 85 6968 945 0,817-506-0212
97,Department 82,United Kingdom,THE LHEN,82 Lamphey Road,,,GB,IM7 3ES,1Z 759 370 88 8272 112 2,077 8414 1664
98,Department Haid,Austria,MEINHARTSCHLAG,Haid 99,Lower Austria,NO,AT,3931,1Z Y71 801 75 1578 525 5,0680 403 12 89
99,Department 58,Australia,MOUNT FOSTER,58 Arthur Street,New South Wales,NSW,AU,2824,1Z 350 568 87 4657 691 9,(02) 4025 2664
100,Department 2088,Canada,Hespeler,2088 Queens Sq,Ontario,ON,CA,N3C 1H3,1Z 4Y6 840 97 6012 445 0,519-240-2196
101,Department 81,Australia,GLEN APLIN,81 Punchs Creek Road,Queensland,QLD,AU,4381,1Z 318 189 48 2398 908 9,(07) 4575 3945
102,Department 3646,United States,Hollywood,3646 Roane Avenue,Maryland,MD,US,20636,1Z Y44 405 71 7593 652 0,301-247-7879
103,Department 9,Australia,LINDENOW SOUTH,9 Romawi Road,Victoria,VIC,AU,3875,1Z 414 867 45 6584 490 5,(03) 5378 2499
104,Department 41,Australia,WALLAVILLE,41 Delan Road,Queensland,QLD,AU,4671,1Z 393 614 44 4999 856 0,(07) 3355 5895
105,Department 147,Canada,Toronto,147 Dundas St,Ontario,ON,CA,M2N 2G8,1Z 230 849 19 5655 079 1,416-221-2092
106,Department 31,Australia,BRANXTON,31 Woerdens Road,New South Wales,NSW,AU,2335,1Z 980 598 21 2216 053 8,(02) 4960 2727
107,Department 31,Australia,CARROLLS CREEK,31 Rimbanda Road,New South Wales,NSW,AU,2372,1Z 362 631 57 8333 499 7,(02) 6784 7162
108,Department 2927,Canada,New Westminster,2927 Sixth Street,British Columbia,BC,CA,V3L 3C1,1Z 453 599 28 0492 579 5,604-522-8622
109,Department 75,United Kingdom,BISLEY,75 Boroughbridge Road,,,GB,GU24 9BF,1Z 17V 183 63 7044 768 1,070 4282 8321
110,Department 4964,Canada,Toronto,4964 Victoria Park Ave,Ontario,ON,CA,M2J 3T7,1Z 768 700 46 7788 661 6,416-494-4647
111,Department 38,United Kingdom,LONDON,38 Crown Street,,,GB,WC1V 8DA,1Z 145 723 56 1565 911 1,077 1706 4862
112,Department 4,Australia,ANGAS PLAINS,4 Hereford Avenue,South Australia,SA,AU,5255,1Z 529 198 14 8422 690 0,(08) 8249 6474
113,Department 4994,Canada,St Luc,4994 St Jean Baptiste St,Quebec,QC,CA,G0S 1L0,1Z 1Y0 E21 92 5222 843 5,418-636-0033
114,Department 68,United Kingdom,CROWAN,68 Sloe Lane,,,GB,TR14 3HR,1Z 9Y3 1V4 33 1430 388 1,077 2767 3486
115,Department Lendplatz,Austria,HAUSRUCK,Lendplatz 16,Upper Austria,OO,AT,4906,1Z A03 024 47 3868 367 3,0676 345 59 60
116,Department 582,Canada,Goulais,582 Nelson Street,Ontario,ON,CA,P0S 1E0,1Z 64F 446 43 1277 158 6,705-649-4041
117,Department 4779,United States,Fork,4779 Cambridge Place,Maryland,MD,US,21051,1Z 99W 303 04 7010 144 4,410-592-6298
118,Department Thayapark,Austria,ROSENTHAL,Thayapark 62,Lower Austria,NO,AT,3121,1Z 884 390 99 3835 975 0,0699 128 44 36
119,Department 7,Canada,Toronto,7 Sheppard Ave,Ontario,ON,CA,M1S 1T4,1Z 840 118 09 6540 814 6,416-683-4771
120,Department 4687,United States,Midland,4687 Juniper Drive,Michigan,MI,US,48640,1Z 508 979 81 9195 956 4,989-839-8948
121,Department 2340,United States,Saint Louis,2340 Irving Place,Missouri,MO,US,63146,1Z 221 919 56 6461 183 1,636-259-4886
122,Department 286,Canada,Edmonton,286 184th Street,Alberta,AB,CA,T5J 2R4,1Z A58 189 81 0161 785 3,780-450-8199
123,Department Schützengartenstrasse,Austria,MAIERHOFEN,Schützengartenstrasse 89,Styria,ST,AT,8263,1Z 4V2 E83 93 5342 703 6,0680 516 92 16
124,Department Enzersdorfer,Austria,GESSLINGEN,Enzersdorfer Strasse 10,Upper Austria,OO,AT,4890,1Z 719 467 08 8606 860 8,0660 229 18 23
125,Department 51,United Kingdom,SICKLESMERE,51 Felix Lane,,,GB,IP30 2RZ,1Z 7V4 617 56 1325 968 0,078 4845 6676
126,Department 75,United Kingdom,MANTHORPE,75 East Street,,,GB,NG31 3HR,1Z 96Y 545 41 7792 485 8,078 0360 0282
127,Department 4196,Canada,Kelowna,4196 102nd Avenue,British Columbia,BC,CA,V1Y 1P5,1Z 530 3W6 50 1305 702 1,250-864-1452
128,Department 171,Canada,Grande Prairie,171 99th St,Alberta,AB,CA,T8V 0S1,1Z E53 F60 66 8007 772 6,780-539-1653
129,Department 62,United Kingdom,NORBURY,62 Cambridge Road,,,GB,SY9 6JP,1Z V46 Y58 86 5303 128 6,078 8275 3614
130,Department 22,United Kingdom,LLANGATTOCK LINGOED,22 Malcolm Rd,,,GB,NP7 6ZT,1Z 3E7 E32 99 0255 651 1,078 5485 5319
131,Department 54,Australia,YILKI,54 Halsey Road,South Australia,SA,AU,5211,1Z 488 811 26 4082 045 2,(08) 8284 6088
132,Department 91,United Kingdom,GURNARD,91 Moulton Road,,,GB,PO31 9LA,1Z 079 69V 17 1409 184 7,079 5194 7276
133,Department 57,Australia,EASTBROOK,57 Bellion Drive,Western Australia,WA,AU,6260,1Z 3A4 486 00 2134 509 1,(08) 9041 4086
134,Department 53,Australia,TARRAGANDA,53 Black Range Road,New South Wales,NSW,AU,2550,1Z 087 94W 67 3624 440 4,(02) 4071 1623
135,Department 63,United Kingdom,PORTHCURNO,63 Scarcroft Road,,,GB,TR19 2XR,1Z 370 85V 51 1378 149 0,079 1953 2354
136,Department 3373,Canada,Morinville,3373 Venture Place,Alberta,AB,CA,T0G 1P0,1Z 256 072 96 2309 881 6,780-939-3218
137,Department 79,Australia,KANGAROO GULLY,79 Healy Road,Western Australia,WA,AU,6255,1Z 132 347 55 1103 076 3,(08) 9071 4803
138,Department 2151,United States,Fort Lauderdale,2151 Holt Street,Florida,FL,US,33301,1Z 459 A93 48 4137 795 8,561-348-1411
139,Department 69,United Kingdom,NORTH ROE,69 Southern Way,,,GB,ZE2 3NF,1Z 723 489 19 3750 465 3,070 7584 4967
140,Department 2931,United States,Tucson,2931 Polk Street,Arizona,AZ,US,85716,1Z 190 371 81 1072 734 0,520-934-3624
141,Department 24,United Kingdom,STOKESLEY,24 Broomfield Place,,,GB,TS9 4UW,1Z 167 161 23 7008 428 6,079 8486 6302
142,Department Langenloiser,Austria,MÖNCHDORF,Langenloiser Strasse 99,Lower Austria,NO,AT,4281,1Z 3Y7 V70 00 4371 698 0,0650 224 16 54
143,Department 27,Australia,ILLINBAH,27 Treasure Island Avenue,Queensland,QLD,AU,4275,1Z 29W 915 04 5016 944 3,(07) 5657 5060
144,Department 38,Australia,BURNCLUITH,38 Lowe Street,Queensland,QLD,AU,4413,1Z 58W 828 18 2436 397 4,(07) 4522 1235
145,Department 72,United Kingdom,PENYFFORDD,72 Wenlock Terrace,,,GB,CH4 6JX,1Z 275 744 78 1296 132 6,070 4476 4972
146,Department 1132,United States,Newark,1132 Deer Ridge Drive,New Jersey,NJ,US,7102,1Z 766 62A 11 6392 296 5,973-645-5070
147,Department 60,Australia,GALAMBINE,60 Amiens Road,New South Wales,NSW,AU,2850,1Z W51 740 82 4951 772 3,(02) 4002 4708
148,Department 3729,Canada,North Vancouver,3729 Keith Road,British Columbia,BC,CA,V5T 2C1,1Z W51 659 65 5911 624 3,604-987-3240
149,Department Floridusgasse,Austria,WICKENDORF,Floridusgasse 5,Upper Austria,OO,AT,4493,1Z F58 055 75 3553 432 0,0650 298 65 22
150,Department 76,Australia,NIAGARA PARK,76 Wharf St,New South Wales,NSW,AU,2250,1Z 908 306 01 0840 453 5,(02) 9110 2431
151,Department 4354,United States,Lexington,4354 Straford Park,Kentucky,KY,US,40507,1Z 753 3W8 04 2732 452 3,606-617-9384
152,Department 53,United Kingdom,MILLHOLME,53 Long Street,,,GB,LA8 1DH,1Z 847 998 93 4057 036 2,070 2124 7806
153,Department 4865,Canada,Victoria,4865 Russell Street,Prince Edward Island,PE,CA,C0A 2G0,1Z 177 699 19 4261 299 8,902-856-7605
154,Department 3902,United States,Virginia Beach,3902 Murry Street,Virginia,VA,US,23464,1Z 500 37V 74 9414 660 1,757-474-5927
155,Department 17,United Kingdom,HAROLD WOOD,17 Balsham Road,,,GB,RM3 7DW,1Z 374 83W 85 8345 772 4,079 3755 5415
156,Department Eybnerstrasse,Austria,RAGELSDORF,Eybnerstrasse 53,Lower Austria,NO,AT,2053,1Z 005 76F 13 8917 353 7,0676 499 61 65
157,Department 10,United Kingdom,CROSS,10 Kent Street,,,GB,BS26 2XB,1Z 6A9 6E6 61 7124 878 8,070 0471 1351
158,Department 41,United Kingdom,ROBESTON WATHEN,41 Princes Street,,,GB,SA67 8SN,1Z 133 645 90 2615 374 0,077 1308 9350
159,Department Kuefsteinstrasse,Austria,SANKT MARGARETHEN AN DER RAAB,Kuefsteinstrasse 45,Styria,ST,AT,8322,1Z 878 V37 65 4500 802 7,0660 185 81 94
160,Department Galgenau,Austria,MÜRZHOFEN,Galgenau 40,Styria,ST,AT,8644,1Z 644 765 16 2766 285 4,0680 747 05 56
161,Department 4846,Canada,Windsor,4846 Goyeau Ave,Ontario,ON,CA,N9A 1H9,1Z 74E W57 21 2346 124 1,519-990-5735
162,Department 26,Australia,CHIFLEY,26 Quayside Vista,Australian Capital Territory,ACT,AU,2606,1Z 622 F77 63 0511 206 9,(02) 6168 4659
163,Department 13,United Kingdom,HILLICLAY,13 Consett Rd,,,GB,KW14 2EU,1Z 148 0E4 45 5048 530 8,079 1914 7499
164,Department 90,Australia,MALVERN NORTH,90 Patton Street,Victoria,VIC,AU,3144,1Z 387 612 00 2420 266 4,(03) 8604 2388
165,Department Blaue,Austria,NÖSSLBACH,Blaue Lagune 2,Lower Austria,NO,AT,4150,1Z 370 751 11 4413 253 7,0650 503 83 61
166,Department Am,Austria,REITBERG,Am Kuhberg 70,Salzburg,SZ,AT,5301,1Z 830 488 48 6579 503 6,0680 735 94 06
167,Department 20,Australia,WILLENABRINA,20 Bourke Crescent,Victoria,VIC,AU,3393,1Z 718 903 42 7870 092 1,(03) 5366 9593
168,Department Laxenburger,Austria,KIRCHENVIERTEL,Laxenburger Strasse 8,Styria,ST,AT,8673,1Z Y81 346 38 4561 425 8,0699 445 25 45
169,Department Ackerweg,Austria,STAPFING,Ackerweg 44,Upper Austria,OO,AT,5233,1Z 84E 740 09 2683 144 4,0688 917 32 86
170,Department 4349,Canada,Montreal,4349 Papineau Avenue,Quebec,QC,CA,H2K 4J5,1Z 393 672 21 8060 388 5,514-887-0521
171,Department Stadionstrasse,Austria,REAUZ,Stadionstrasse 55,Carinthia,KA,AT,9074,1Z 103 17Y 32 6155 255 5,0660 975 26 83
172,Department 98,Australia,PINE CREEK,98 Austin Road,Northern Territory,NT,AU,847,1Z 803 63Y 04 6265 669 2,(08) 8937 1246
173,Department 1405,United States,Tonganoxie,1405 Better Street,Kansas,KS,US,66086,1Z 086 674 27 8821 011 6,913-369-7180
174,Department 49,Australia,BARDON,49 Davis Street,Queensland,QLD,AU,4065,1Z 763 125 49 5376 074 1,(07) 3633 0637
175,Department 15,United States,El Paso,15 Berry Street,Colorado,CO,US,80909,1Z 2Y9 3W3 06 8338 134 8,719-683-7195
176,Department 1304,Canada,Cold Lake,1304 47th Avenue,Alberta,AB,CA,T0A 0V0,1Z 08V 357 89 3446 830 7,780-639-3900
177,Department Alpenstrasse,Austria,STEINBACH,Alpenstrasse 62,Upper Austria,OO,AT,4941,1Z 684 375 06 8274 928 9,0664 802 74 34
178,Department Gewerbepark,Austria,OBERHART,Gewerbepark 14,Upper Austria,OO,AT,4642,1Z 7Y2 67E 55 7231 663 2,0660 214 80 74
179,Department 2683,Canada,Byemoor,2683 90th Avenue,Alberta,AB,CA,T0J 0L0,1Z 008 613 58 8786 424 2,403-579-1852
180,Department 14,United Kingdom,HAMMERWICH,14 Bury Rd,,,GB,WS7 6JG,1Z 579 737 78 2915 773 3,078 8012 0067
181,Department 22,United Kingdom,HOUGHAM,22 St James Boulevard,,,GB,NG32 6PB,1Z 028 29E 51 5722 680 8,077 3003 1860
182,Department 61,Australia,NOTLEY HILLS,61 Quoin Road,Tasmania,TAS,AU,7275,1Z 150 915 82 4855 281 0,(03) 6221 8218
183,Department Glocknerstrasse,Austria,HOCHBURG,Glocknerstrasse 8,Upper Austria,OO,AT,5122,1Z Y50 795 17 8653 265 4,0660 663 13 31
184,Department 54,Australia,COMBIENBAR,54 Crofts Road,Victoria,VIC,AU,3889,1Z 714 Y59 39 3931 201 4,(03) 5386 5474
185,Department 2277,Canada,Kelowna,2277 Hardy Street,British Columbia,BC,CA,V1Y 8H2,1Z 477 160 57 5920 787 2,250-763-4643
186,Department 3078,United States,Seattle,3078 Owagner Lane,Washington,WA,US,98122,1Z A47 300 46 6720 981 4,206-320-4766
187,Department Holzstrasse,Austria,SANKT BARTHOLOMÄ,Holzstrasse 38,Styria,ST,AT,8151,1Z 795 753 85 8289 378 6,0660 594 51 76
188,Department 3,Australia,PINE MOUNTAIN,3 McLaughlin Road,Queensland,QLD,AU,4306,1Z 605 45W 80 1245 386 7,(07) 4563 5141
189,Department 21,United Kingdom,WINSTON,21 Folkestone Road,,,GB,IP14 6UY,1Z 51A 87W 15 1332 240 2,077 2766 1337
190,Department 83,United Kingdom,DEAN,83 Ings Lane,,,GB,BA4 6QH,1Z W25 V97 69 7181 612 0,077 1300 5075
191,Department 60,Australia,LAMBTON,60 Webb Road,New South Wales,NSW,AU,2299,1Z 332 99F 31 7504 948 8,(02) 4949 0120
192,Department 72,United Kingdom,MILTON-UNDER-WYCHWOOD,72 South Western Terrace,,,GB,OX7 3WG,1Z 738 559 61 1682 251 4,079 3141 1528
193,Department 1839,Canada,Qikiqtarjuaq,1839 49th Avenue,Nunavut,NU,CA,X0A 0B0,1Z 660 175 30 7265 563 0,867-927-6528
194,Department 1467,Canada,Lakefield,1467 Reserve St,Ontario,ON,CA,K0L 2H0,1Z 499 W16 37 2121 857 6,705-652-0763
195,Department 32,United Kingdom,BENVIE,32 Academy Street,,,GB,DD2 4TS,1Z 2Y5 952 68 6038 326 7,077 6409 0139
196,Department 4494,Canada,Toronto,4494 Bay Street,Ontario,ON,CA,M5J 2R8,1Z 288 514 87 3184 901 0,416-837-0825
197,Department 973,United States,Collegeville,973 Tree Top Lane,Pennsylvania,PA,US,19426,1Z 133 260 11 2908 664 6,610-244-7629
198,Department 33,Australia,TENNYSON,33 Armstrong Street,Victoria,VIC,AU,3572,1Z A03 472 62 7253 403 1,(03) 5364 6278
199,Department 28,Australia,BALLAPUR,28 Sullivan Court,Victoria,VIC,AU,3483,1Z 947 V28 87 4671 593 6,(03) 5314 2671
200,Department Traungasse,Austria,FAAK AM SEE,Traungasse 19,Carinthia,KA,AT,9580,1Z 09Y Y81 73 3849 431 2,0650 136 40 36
201,Department 54,Australia,AUSTINMER,54 Jacabina Court,New South Wales,NSW,AU,2515,1Z 988 099 76 0187 939 5,(02) 4206 2512
202,Department 98,United Kingdom,HENWICK,98 Front St,,,GB,WR2 4GE,1Z 795 2V0 84 5173 950 3,070 8462 6411
203,Department 1057,Canada,Sayward,1057 Noble Rd,British Columbia,BC,CA,V0P 1R0,1Z 333 807 40 1789 976 3,250-282-1359
204,Department 22,Australia,TERALBA,22 Round Drive,New South Wales,NSW,AU,2284,1Z 375 15E 94 6631 856 0,(02) 4933 1591
205,Department 4912,Canada,Windsor,4912 Lauzon Parkway,Ontario,ON,CA,N9A 7A2,1Z 574 8F7 23 5463 593 3,519-562-7075
206,Department 3534,Canada,Alexandra,3534 Alexandra Ct,Prince Edward Island,PE,CA,C1B 0P7,1Z Y06 A78 45 5988 979 5,902-368-6047
207,Department 17,United Kingdom,BROOMFLEET,17 Park End St,,,GB,HU15 3FU,1Z Y23 055 27 3388 327 8,070 8712 4714
208,Department 91,United Kingdom,HAUGHLEY GREEN,91 Warner Close,,,GB,IP14 0GU,1Z 973 755 94 9488 178 9,078 2505 9598
209,Department 1213,United States,Kissimmee,1213 McDonald Avenue,Florida,FL,US,34741,1Z 971 571 43 7442 085 4,407-944-7971
210,Department 48,United Kingdom,SWAINSHILL,48 Golf Road,,,GB,HR4 6LX,1Z 0W4 617 10 1805 977 5,078 1970 4602
211,Department 2907,United States,Reno,2907 Sheila Lane,Nevada,NV,US,89501,1Z 893 349 88 8834 574 0,775-417-5423
212,Department 17,Australia,ADAVALE,17 George Street,Queensland,QLD,AU,4474,1Z 346 4A4 50 6890 862 1,(07) 4582 3641
213,Department 3421,United States,Philadelphia,3421 Deercove Drive,Pennsylvania,PA,US,19111,1Z 093 E41 60 0142 832 8,215-214-0193
214,Department 42,United Kingdom,EATON,42 Haslemere Road,,,GB,OX13 0WW,1Z A26 799 15 0385 422 5,077 2549 1801
215,Department 4674,Canada,Conquest,4674 St. John Street,Saskatchewan,SK,CA,S4P 3Y2,1Z 914 8F7 75 6427 902 0,306-856-3681
216,Department 92,Australia,MIENA,92 Flinstone Drive,Tasmania,TAS,AU,7030,1Z 122 906 66 8127 545 3,(03) 6227 2920
217,Department Enzersdorfer,Austria,GIERING,Enzersdorfer Strasse 19,Upper Austria,OO,AT,4621,1Z 946 3A9 17 0896 096 5,0660 632 43 51
218,Department Stadionstrasse,Austria,REGAU,Stadionstrasse 54,Upper Austria,OO,AT,4844,1Z 2F4 6A8 56 3123 523 2,0650 562 84 57
219,Department 4267,Canada,Calgary,4267 40th Street,Alberta,AB,CA,T2P 0R9,1Z 198 305 94 9507 337 5,403-410-6255
220,Department 1142,United States,Texarkana,1142 Hall Place,Texas,TX,US,75507,1Z 971 290 52 3020 831 7,903-748-4094
