Code;City;Shop_nam;Address;Address;Phone ;Регион;Manager_code;
16347;БАРАНОВИЧИ;Relouis;УЛ.СОВЕТСКАЯ;65;+375 (29) 3920419;1;7206;
10121;БАРАНОВИЧИ;Relouis;ПРТ СОВЕТСКИЙ;21;+375 (29) 6934985;1;3793;
11073;Барановичи;Relouis; 1й Советский;11;+375 (29) 6938295;1;4655;
14220;Барановичи;Relouis; Парковая; 47а;+375 (163) 406050;1;5258;
12566;Барановичи;Relouis;Богдановича; 11а;+375 (163) 608972;1;5733;
14291;Барановичи;Relouis;Брестская; 270д;+375 (163) 400422;1;1995;
18114;Барановичи;Relouis;Советская;75;+375 (29) 6925359;1;4068;
16463;Барановичи;Relouis;Советский;5;+375 (163) 581510;1;8419;
12569;Барановичи;Relouis;Тельмана;165;+375 (29) 3920149;1;6898;
19197;Барановичи;Relouis; Франциска Скорины; 4б;+375 (44) 7696120;1;8619;
14678;Барановичи;Relouis;Фроленкова;42;+375 (44) 7681051;1;3854;
10207;Барань;Relouis;Оршанская; 26а;+375 (216) 548307;2;2151;
19542;Белоозерск;Relouis; Ленина; 48а;+375 (29) 1920221;1;4292;
17879;Белыничи;Relouis; Калинина;42;+375 (29) 6932529;1;6088;
17705;Берёза;Relouis; Ленина; 104/1;+375 (44) 7671079;1;8102;
13333;Березино;Relouis; Хонинова;149;+375 (29) 3920433;5;9200;
12402;Березовка;Relouis; Заводская;9;+375 (154) 564702;4;3607;
15907;Бешенковичи;Relouis; Урицкого; 28а;+375 (44) 7989771;2;6687;
14275;БОБРУЙСК;Relouis;УЛ.ДЗЕРЖИНСКОГО;50;+375 (44) 7969039;6;9994;
10780;БОБРУЙСК;Relouis; УЛ.ГОРЬКОГО;29;+375 (44) 7818302;6;3289;
13519;БОБРУЙСК;Relouis;УЛ. 50 ЛЕТ ВЛКСМ;  Д.33;+375 (44) 7696324;6;8294;
18876;БОБРУЙСК;Relouis;бр Приберезенский;40;+375 (29) 1920935;6;2368;
15125;БОБРУЙСК;Relouis;ул. 50 лет ВЛКСМ; 20а;+375 (44) 7661247;6;7253;
15051;БОБРУЙСК;Relouis;ул. М.Горького; 6Б;+375 (29) 6926076;6;2257;
15201;БОБРУЙСК;Relouis;ул. Минская;89;+375 (29) 6926076;6;5828;
13302;БОБРУЙСК;Relouis;ул. Парковая 68;+375 (29) 6027797;6;1956;
17719;БОБРУЙСК;Relouis;ул. Советская;91;+375 (29) 1920517;6;3831;
10528;БОБРУЙСК;Relouis; 50 лет ВЛКСМ;34;+375 (225) 724252;6;5994;
15750;БОБРУЙСК;Relouis; Горелика; 20а;+375 (44) 5353452;6;7786;
11517;Бобруйск;Relouis; Интернациональная;78;+375 (44) 7822709;6;2294;
19163;Бобруйск;Relouis; Максима Горького; 7а;+375 (29) 1062215;6;4388;
15318;Бобруйск;Relouis; Минская;135;+375 (29) 6938092;6;8443;
10859;Бобруйск;Relouis; Минская; 56/163;+375 (225) 447000;6;8406;
13464;Бобруйск;Relouis; Социалистическая;40;+375 (225) 720740;6;4977;
19243;Бобруйск;Relouis; Строителей; 24 б;+375 (225) 711255;6;7554;
13263;Бобруйск;Relouis; Ульяновская;60;+375 (225) 719500;6;3820;
17207;БОРИСОВ;Relouis;УЛ.ГАГАРИНА;105;+375 (29) 6920172;5;9977;
11045;БОРИСОВ;Relouis; УЛ. 3ГО ИНТЕРНАЦИОНАЛА;5;+375 (44) 7818332;5;9786;
19182;Борисов;Relouis; 50 лет БССР; 17а;+375 (177) 938393;5;9923;
14070;Борисов;Relouis; Гагарина;48;+375 (177) 749400;5;7276;
18545;Борисов;Relouis; Дзержинского;78;+375 (29) 6929225;5;1288;
12726;Борисов;Relouis; Строителей;26;+375 (177) 769617;5;5718;
15538;Борисов;Relouis; Чапаева; 3а;+375 (177) 945005;5;6528;
17575;Браслав;Relouis; Садовая;8;+375 (29) 1922052;2;5819;
17628;Брест;Relouis;Варшавское шоссе;3;+375 (29) 6926076;1;4010;
13611;Брест;Relouis;ул.Гаврилова;11;+375 (29) 6027798;1;5868;
14178;Брест;Relouis;ул.Ленинградская;16;+375 (29) 1920518;1;8767;
10243;БРЕСТ;Relouis; УЛ.МОСКОВСКАЯ;210;+375 (29) 6926039;1;9044;
17647;БРЕСТ;Relouis; УЛ. ГАВРИЛОВА;16;+375 (29) 6926065;1;1616;
13703;БРЕСТ;Relouis; УЛ. МОСКОВСКАЯ;326 (1 ЭТАЖ);+375 (44) 7989915;1;5035;
10543;Брест;Relouis;пр.Московский; 31  1й этаж. ;+375 (29) 6926076;1;2758;
19916;Брест;Relouis;ул. Советская;273В  1 этаж;+375 (29) 6027794;1;9328;
18362;Брест;Relouis; 28 июля; 33Б80;+375 (162) 538044;1;8359;
14243;Брест;Relouis; Варшавское шоссе;11;+375 (162) 501144;1;1915;
16474;Брест;Relouis; Волгоградская;1;+375 (44) 7858099;1;9653;
15528;Брест;Relouis; Дубровская;10;+375 (44) 7833129;1;2730;
17672;Брест;Relouis; Карбышева;21;+375 (162) 218785;1;1647;
17293;Брест;Relouis; Комсомольская;8;+375 (162) 532366;1;7133;
16878;Брест;Relouis; Космонавтов;33;+375 (44) 7858102;1;8562;
12440;Брест;Relouis; МОПРа;4;+375 (29) 8235476;1;4379;
15946;Брест;Relouis; Московская;332;+375 (162) 530998;1;2004;
17803;Брест;Relouis; Московская;368;+375 (162) 502028;1;4833;
15240;Брест;Relouis; Республиканская;10;+375 (162) 506341;1;2157;
19506;Брест;Relouis; Советская;126;+375 (162) 505094;1;9015;
17300;Брест;Relouis; ул. Куйбышева;12       ;+375 (29) 6926076;1;6918;
10656;БудаКошелево;Relouis; 50 лет Октября;2;+375 (44) 7858133;3;3022;
19359;Быхов;Relouis; Якубова; 31 ;+375 (44) 7989976;6;3193;
10019;Верхнедвинск;Relouis; Советская;159;+375 (29) 2969957;2;6351;
14515;Ветка;Relouis; Громыко А.А.; 45а;+375 (44) 7822745;3;4475;
11705;Вилейка;Relouis; Водопьянова;23;+375 (1771) 23922;5;2359;
13049;ВИТЕБСК;Relouis;УЛ.ЗАМКОВАЯ;19;+375 (44) 7858148;2;5800;
16552;ВИТЕБСК;Relouis;ШОССЕ БЕШЕНКОВИЧСКОЕ;31;+375 (44) 7373956;2;8429;
15226;ВИТЕБСК;Relouis;УЛ. ЧКАЛОВА;Д.35;+375 (44) 7949131;2;3310;
11323;ВИТЕБСК;Relouis;ул. В.Интернационалистов;23;+375 (44) 7889738;2;7178;
18694;ВИТЕБСК;Relouis;ул. Московский;  13/1;+375 (17) 3995357;2;1330;
16192;ВИТЕБСК;Relouis;ул. Садовая;10;+375 (29) 6577641;2;6816;
19315;ВИТЕБСК;Relouis;ул. Строителей;2;+375 (44) 7949145;2;7927;
16820;ВИТЕБСК;Relouis;ул. Фрунзе;45;+375 (29) 1920939;2;2781;
19878;ВИТЕБСК;Relouis;ул. Чкалова;56;+375 (44) 7661251;2;2700;
17984;ВИТЕБСК;Relouis;прт Московский;39;+375 (29) 6926076;2;7302;
14605;ВИТЕБСК;Relouis;ул. Ленина;  26/а;+375 (29) 6926076;2;7396;
19192;ВИТЕБСК;Relouis;ул. Чкалова;  25.;+375 (17) 3995351;2;1686;
14229;ВИТЕБСК;Relouis;ул. 39й армии;27;+375 (29) 6577635;2;3510;
10633;ВИТЕБСК;Relouis;ул. Чкалова; 11/1;+375 (44) 7949139;2;3117;
19218;ВИТЕБСК;Relouis;ул. Космонавтов;11;+375 (29) 1920933;2;5431;
16087;ВИТЕБСК;Relouis;прт Московский;103;+375 (44) 7661245;2;8382;
11745;ВИТЕБСК;Relouis;ул. Ленина;1;+375 (29) 6926076;2;5898;
13849;ВИТЕБСК;Relouis;ул. Космонавтов;11;+375 (29) 6926076;2;6843;
19217;ВИТЕБСК;Relouis;;+375 (29) 6027795;2;3453;
10554;Витебск;Relouis;ул. Строителей;  34 ;+375 (29) 1920514;2;9719;
17889;Витебск;Relouis; 39й армии;1224;+375 (44) 5981521;2;9248;
19056;Витебск;Relouis; Космонавтов;11;+375 (29) 6938247;2;2110;
16331;Витебск;Relouis; Ленина; 26а;+375 (29) 6923429;2;5975;
10665;Витебск;Relouis; Московский; 19/1;+375 (29) 6938244;2;8092;
14080;Витебск;Relouis; Победы;15;+375 (212) 657740;2;7504;
13006;Витебск;Relouis; Смоленская;6;+375 (212) 485579;2;8285;
10181;Витебск;Relouis; Титова;12;+375 (212) 651115;2;3685;
12950;Витебск;Relouis; Фрунзе;5521;+375 (29) 3920686;2;8219;
10578;Витебск;Relouis; Фрунзе;81;+375 (212) 562266;2;9516;
11412;Витебск;Relouis; Черняховского;1;+375 (212) 270247;2;2571;
10514;Витебск;Relouis; Чкалова;36;+375 (44) 5981521;2;5588;
16026;Витебск;Relouis; Чкалова; 52/1;+375 (44) 7661697;2;5165;
16322;Витебск;Relouis;ул. Ленина;  12     ;+375 (17) 3995352;2;5191;
10093;Витебск;Relouis;пр. Фрунзе;58 ;+375 (17) 3995350;2;8998;
19171;Витебск ;Relouis;ул. Кирова             ;48;+375 (44) 7889733;2;1412;
18100;Волковыск;Relouis; Горбатова; 2а;+375 (29) 9446737;4;3008;
15788;Волковыск;Relouis; Ленина;2;+375 (1512) 45799;4;6076;
18952;Волковыск;Relouis; Софьи Панковой; 47б;+375 (44) 7373945;4;7026;
15627;Вороново;Relouis; Советская;35;+375 (29) 5695887;4;4008;
18379;Высокое;Relouis; Ленина;11;1;5797;
13650;Ганцевичи;Relouis; Маяковского; 28а;+375 (29) 9591725;1;3804;
17519;Глубокое;Relouis; Дзержинского;8;+375 (29) 6932019;2;5315;
15739;Гомель;Relouis; 60 лет СССР;14;+375 (29) 3949952;3;3925;
15983;Гомель;Relouis; Б.Царикова;78;+375 (232) 234027;3;6414;
16266;Гомель;Relouis; Бородина Т.С.;257;+375 (29) 5695870;3;8052;
12778;Гомель;Relouis; Быховская;107;+375 (44) 7656140;3;6392;
17330;Гомель;Relouis; Ефремова;11;+375 (29) 1954897;3;3436;
15393;Гомель;Relouis; Ильича; 59а;+375 (29) 1923803;3;7456;
18342;Гомель;Relouis; Карповича;18;+375 (232) 710162;3;8916;
11163;Гомель;Relouis; Катунина;4;+375 (232) 701797;3;8819;
15908;Гомель;Relouis; Кирова; 141А;+375 (29) 6058849;3;5720;
16896;Гомель;Relouis; Ленина;63;+375 (44) 5989042;3;3891;
18967;Гомель;Relouis; Павлова;26;+375 (44) 7999350;3;3068;
19973;Гомель;Relouis; Победы;14;+375 (29) 5569955;3;1769;
11704;Гомель;Relouis; Речицкий; 5в;+375 (29) 6938409;3;6853;
15947;Гомель;Relouis; Речицкий;80;+375 (44) 7004599;3;5732;
10963;Гомель;Relouis; Рогачевская; 2а ;+375 (44) 7889701;3;9299;
14762;Гомель;Relouis; Свиридова;13;+375 (29) 5675961;3;3729;
10864;Гомель;Relouis; Советская; 97 к.1;+375 (29) 6938277;3;3739;
17467;Гомель;Relouis; Сухого; 1а;+375 (44) 7989663;3;7348;
12771;Гомель;Relouis; Хатаевича; 61 б;+375 (29) 1923487;3;3898;
17066;Гомель;Relouis; ул. Ефремова;115;+375 (29) 6926076;3;3593;
13824;Гомель;Relouis; прт Победы;15;+375 (29) 6027795;3;9647;
12452;Гомель;Relouis;ул. Быховская;17    ;+375 (44) 7661245;3;3773;
17251;Гомель;Relouis;ул. Свиридова;11;+375 (29) 6926076;3;5089;
17239;ГОМЕЛЬ;Relouis;УЛ.СОВЕТСКАЯ;10;+375 (29) 6938272;3;9681;
15560;ГОМЕЛЬ;Relouis; УЛ.ПОБЕДЫ;15;+375 (44) 7696137;3;3352;
18964;ГОМЕЛЬ;Relouis;УЛ.СОВЕТСКАЯ;6;+375 (29) 6935559;3;7089;
11666;ГОМЕЛЬ;Relouis;УЛ.СОВЕТСКАЯ;60;+375 (29) 6250393;3;9908;
15706;ГОМЕЛЬ;Relouis;УЛ. КОСАРЕВА;18;+375 (29) 6931349;3;1691;
18996;ГОМЕЛЬ;Relouis;Мкрн энергетиков; д.8 (Урицкое );+375 (29) 1920515;3;1907;
12433;ГОМЕЛЬ;Relouis;прт Ленина;29;+375 (44) 7889733;3;3370;
11641;ГОМЕЛЬ;Relouis;прт Октября;22;+375 (17) 3995352;3;4587;
14387;ГОМЕЛЬ;Relouis;прт Октября; 87а;+375 (29) 6577636;3;9828;
13420;ГОМЕЛЬ;Relouis;прт Победы;20;+375 (44) 7949140;3;5697;
12715;ГОМЕЛЬ;Relouis;прт Речицкий;4;+375 (29) 1920934;3;7247;
14343;ГОМЕЛЬ;Relouis;прт Речицкий;75;+375 (44) 7661246;3;5947;
18462;ГОМЕЛЬ;Relouis;ул. Б.Хмельницкого;96;+375 (29) 6926076;3;3230;
10474;ГОМЕЛЬ;Relouis;ул. Ильича;261;+375 (29) 6926076;3;6891;
18521;ГОМЕЛЬ;Relouis;ул. Ильича; 297а;+375 (29) 6027796;3;7912;
15943;ГОМЕЛЬ;Relouis;ул. Каменщикова; 3 (рынок «Прудковский»);+375 (29) 1920516;3;1271;
18728;ГОМЕЛЬ;Relouis;ул. Ломоносова; 16 (г.п.Костюковка);+375 (44) 7889734;3;7757;
15387;ГОМЕЛЬ;Relouis;ул. Мазурова;44;+375 (17) 3995353;3;3025;
19791;ГОМЕЛЬ;Relouis;ул. Советская;130;+375 (29) 6577637;3;5099;
16280;ГОМЕЛЬ;Relouis;ул. Советская; 40а;+375 (44) 7949141;3;1532;
17896;ГОМЕЛЬ;Relouis;прт Речицкий;117;+375 (44) 7661249;3;6894;
18248;ГОМЕЛЬ;Relouis;ул. Гагарина;5;+375 (29) 6926076;3;4548;
16662;ГОМЕЛЬ;Relouis; ул. Интернациональная;18         ;+375 (29) 1920515;3;9132;
13185;Горки;Relouis; Сурганова;3;+375 (44) 5988904;6;8847;
15268;Горки;Relouis; Якубовского; 6 ;+375 (29) 3920612;6;5540;
11402;Городок;Relouis; Ленинская;16;+375 (29) 5109806;2;6691;
15596;Гродно;Relouis; Антонова;29;+375 (152) 606919;4;5963;
11509;Гродно;Relouis; Болдина; 4б101;+375 (44) 7822361;4;3677;
14350;Гродно;Relouis; Великая Ольшанка; 7а;+375 (44) 7373795;4;3495;
13785;Гродно;Relouis; Горького;53;+375 (29) 6938280;4;4755;
10582;Гродно;Relouis; Горького;88;+375 (44) 7833045;4;4342;
12722;Гродно;Relouis; Дзержинского; 54а7;+375 (44) 7822363;4;5129;
19086;Гродно;Relouis; Кабяка;8;+375 (29) 6926045;4;9754;
17894;Гродно;Relouis; Лиможа; 32б;+375 (29) 1922391;4;3433;
13097;Гродно;Relouis; Ольги Соломовой;82;+375 (29) 6931455;4;3447;
11183;Гродно;Relouis; Советская;29;+375 (29) 6925782;4;4835;
19480;Гродно;Relouis; Янки Купалы; 78а;+375 (44) 7822352;4;9232;
12093;Гродно;Relouis; прт Клецкова;15В. ;+375 (44) 7889732;4;8022;
14835;Гродно;Relouis; ул. Лиможа; 3Б;+375 (17) 3995351;4;8670;
16972;Гродно;Relouis;ул. Фомичева;8Б  ;+375 (44) 7949139;4;1313;
18097;ГРОДНО;Relouis;УЛ.СОВЕТСКАЯ;18;+375 (44) 7822731;4;2554;
15850;ГРОДНО;Relouis;УЛ.ДЗЕРЖИНСКОГО;92;+375 (44) 7868210;4;8428;
14217;ГРОДНО;Relouis;ПРТ ЯНКИ КУПАЛЫ;  16А;+375 (44) 5981341;4;2278;
11773;Гродно ;Relouis; ул. Дубко;2;+375 (29) 1920933;4;2422;
12115;Гродно               ;Relouis; ул. Кабяка;45/4;+375 (29) 6577635;4;7859;
10692;Боровляны;Relouis; Березовая Роща;108;+375 (175) 125521;5;1466;
12151;Дзержинск;Relouis; 11 июля; 3А/1;+375 (29) 6924002;5;7623;
10619;Дзержинск;Relouis; Тихая;2;+375 (29) 6924002;5;7149;
14641;Дрогичин;Relouis; Юбилейная; 42А;+375 (44) 7818330;1;2045;
10005;Дятлово;Relouis; 17 Сентября;7;+375 (29) 6931326;4;8862;
19894;Жабинка;Relouis; Кирова;77;+375 (29) 2821596;1;1345;
12866;Житковичи;Relouis; Фрунзе; 67 ;+375 (44) 7818296;3;3170;
13496;Житковичи;Relouis;ул. Школьная; 3   «Рио»;+375 (17) 3995354;3;9274;
17531;Жлобин;Relouis; Карла Маркса; 2г;+375 (29) 6142427;3;2950;
19594;Жлобин;Relouis; Войкова; 8/3;+375 (29) 1944924;3;1480;
18029;Жлобин;Relouis; Первомайская; 59/1;+375 (29) 1922495;3;2501;
11552;Жлобин;Relouis; Шоссейная; 109а;+375 (29) 1938571;3;6873;
13484;ЖЛОБИН;Relouis;МКР 20;+375 (44) 7889689;3;8077;
15940;Жодино;Relouis; Калиновского;13;+375 (29) 1956126;3;1560;
14617;Жодино;Relouis; Ленина;22;+375 (1775) 34463;3;8023;
10319;Жодино;Relouis; Рокоссовского; 9/1;+375 (29) 1956126;3;5367;
19237;Зельва;Relouis; Советская;23;+375 (25) 5221776;4;2288;
16024;Иваново;Relouis; Комарова; 15б;+375 (29) 1923713;1;5098;
14594;Ивацевичи;Relouis; Почтовый;6;+375 (44) 7671079;1;1770;
10482;Ивье;Relouis; Комсомольская;14;+375 (44) 7703873;4;9716;
12698;Калинковичи;Relouis; Советская;124;+375 (29) 3949951;3;8121;
15156;Калинковичи;Relouis; Советская;191;+375 (44) 7989642;3;4517;
11126;Калинковичи;Relouis; Фрунзе; 7/2;+375 (29) 6920187;3;9397;
13602;Каменец;Relouis; Брестская; 71/2;+375 (1631) 96545;1;8314;
10901;Климовичи;Relouis; Комсомольская; 9а;+375 (29) 6938420;6;3582;
15059;Кобрин;Relouis; Дзержинского; 68а;+375 (1642) 23626;1;6919;
10183;Кобрин;Relouis; Ленина;13;+375 (1642) 22589;1;4147;
16351;Копыль;Relouis; Партизанская; 1А;+375 (44) 7696309;5;3750;
11518;Кореличи;Relouis; 17го Сентября;8;+375 (29) 9847689;4;8782;
12555;Костюковичи;Relouis; БончБруевича;9;+375 (44) 7868197;3;3385;
15037;Кричев;Relouis; Комсомольский;21;+375 (29) 6936319;6;1707;
13429;Круглое;Relouis; Могилевская;2;+375 (44) 5790608;6;4710;
12591;Лида;Relouis; Советская;13;+375 (29) 9847689;4;6332;
11821;Лида;Relouis; Кирова;8;+375 (44) 7868197;4;9256;
17387;Лида;Relouis; Машерова;12;+375 (44) 5790608;4;4169;
13837;Лида;Relouis; Комсомольская;11;+375 (29) 3802816;4;8992;
18188;Лида;Relouis; Красноармейская;108;+375 (29) 6936319;4;1989;
16208;Лида;Relouis; Победы;32;+375 (29) 1922017;4;2665;
12321;Лиозно;Relouis; Комсомольская;48;+375 (44) 7868197;2;9433;
11427;Логойск;Relouis; Минская; 9а;+375 (29) 3802816;5;4522;
15433;Лунинец;Relouis; Блока;2;+375 (29) 6936319;1;5345;
10124;Любань;Relouis; Социалистическая; 27б;+375 (44) 5790608;5;2524;
13401;Ляховичи;Relouis; 17 Сентября;17;+375 (29) 1922017;1;2753;
15889;Малорита;Relouis; Советская;913;+375 (176) 759694 ;1;5560;
15708;Минск;Relouis;8;+375 (29) 6926076;7;4864;
14730;Минск;Relouis;ул.Денисовская;+375 (44) 7661248;7;9001;
18931;Минск;Relouis;ул. ДунинаМарцинкевича; 21   ;+375 (29) 6027794;7;8891;
16513;МИНСК;Relouis; ПР.НЕЗАВИСИМОСТИ;21;+375 (25) 7019881 ;7;4765;
11146;МИНСК;Relouis;УЛ.ЖИЛУНОВИЧА;4;+375 (29) 6938297;7;8786;
11768;МИНСК;Relouis; ПР.НЕЗАВИСИМОСТИ;54;+375 (44) 5989578;7;9540;
15879;МИНСК;Relouis;ПР. ДЗЕРЖИНСКОГО;100;+375 (29) 6931349;7;8783;
18877;МИНСК;Relouis;УЛ. В.ХОРУЖЕЙ;21;+375 (44) 7868210;7;9392;
17631;МИНСК;Relouis;ПЕРЕСЕЧЕНИЕ ЛОГОЙСКОГО ТРТА И МКАД;+375 (44) 7839128;7;5951;
16704;МИНСК;Relouis;УЛ.НАЛИБОКСКАЯ;1;+375 (44) 7696722;7;3615;
17007;МИНСК;Relouis;УЛ. ГОРЕЦКОГО;2;+375 (17) 2074595;7;7691;
19130;МИНСК;Relouis;ИГУМЕНСКИЙ ТРАКТ;Д.30;+375 (29) 6932159;7;6676;
10497;МИНСК;Relouis; ПРТ ПАРТИЗАНСКИЙ;150;+375 (44) 7661984;7;5060;
18230;МИНСК;Relouis;ПРТ РОКОССОВСКОГО;2;+375 (29) 2527927;7;7837;
18554;МИНСК;Relouis; УЛ. ПЕТРА МСТИСЛАВЦА;Д.11;375 (17) 2572668;7;2348;
16502;МИНСК;Relouis;УЛ. П.ГЛЕБКИ; Д. 5;+375 (29) 6577633;7;9527;
16034;МИНСК;Relouis; УЛ. ПРИТЫЦКОГО;Д. 156;+375 (17) 3343898;7;7906;
18233;МИНСК;Relouis;УЛ. КАЛЬВАРИЙСКАЯ;24;+375 (17) 3347466;7;4093;
16036;МИНСК;Relouis; УЛ.КОРЖЕНЕВСКОГО;26;+375 (29) 2859596;7;7593;
17262;МИНСК;Relouis; ПРТ ПОБЕДИТЕЛЕЙ;65;+375 (29) 6921758;7;9663;
16305;МИНСК;Relouis;ПРТ НЕЗАВИСИМОСТИ;154;+375 (17) 2668645;7;2837;
12919;МИНСК;Relouis;ул. Матусевича;  77.;+375 (17) 2342991;7;2102;
15368;МИНСК;Relouis;прт Независимости;  172/а;+375 (17) 2649202;7;9221;
12581;МИНСК;Relouis;ул. Сердича;48;+375 (17) 3001963;7;6116;
14452;МИНСК;Relouis;ул. Рокоссовского;145;375 (17) 3144201;7;8032;
13294;МИНСК;Relouis;ул. Раковская;34/а;+375 (29) 6250393;7;4332;
11473;МИНСК;Relouis;ул. Рафиева; 88/а;+375 (44) 7969042;7;3062;
11926;МИНСК;Relouis;ул. Партизанский;31;+375 (44) 7997021;7;1773;
19156;МИНСК;Relouis;ул. Народная;26;+375 (29) 6920206;7;8940;
15058;МИНСК;Relouis;ул. Маяковского;20;+375 (29) 3920688;7;4902;
11098;МИНСК;Relouis;ул. Голодеда;31;+375 (29) 6931356;7;6540;
18657;МИНСК;Relouis;ул. Воронянского;1;+375 (29) 1920347;7;7605;
15649;МИНСК;Relouis;ул. Куйбышева;48;+375 (44) 7949114;7;1511;
11057;МИНСК;Relouis;ул. Сухаревская;62;+375 (17) 2009767 ;7;2406;
16568;МИНСК;Relouis;ул. Партизанский;147;+375 (29) 6938419;7;7836;
19990;МИНСК;Relouis;ул. Кальварийская;52; (29) 6630650;7;7325;
11022;МИНСК;Relouis;ул. Плеханова;  72.;+375 (44) 7989599;7;5387;
15246;МИНСК;Relouis;ул. Кижеватова;  80/1;+375 (29) 1103788;7;6769;
11890;МИНСК;Relouis;ул. Победителей;  89.;+375 (29) 1920227;7;5890;
12476;МИНСК;Relouis;ул. Свердлова;  22.;+375 (44) 5353843;7;2106;
18639;МИНСК;Relouis;ул. Уручская; 5/а.;+375 (29) 3920648;7;5982;
10219;МИНСК;Relouis;ул. Притыцкого;91;+375 (44) 5353871;7;8176;
15842;МИНСК;Relouis;ул. Есенина;76;+375 (29) 8241650;7;5616;
19688;МИНСК;Relouis;ул. Руссиянова;9;+375 (44) 7969119;7;4067;
11298;МИНСК;Relouis;ул. Кижеватова;72/1;+375 (29) 6768885;7;3757;
13301;МИНСК;Relouis;ул. Богдановича;66;+375 (44) 7893931;7;1226;
11806;МИНСК;Relouis;ул. В.Хоружей; 6б;+375 (29) 3486151;7;8013;
14525;МИНСК;Relouis;прт. Звезды;16;+375 (44) 7822736;7;8532;
19876;МИНСК;Relouis;ул. Я.Чачота;11;+375 (44) 7833128;7;6061;
13670;МИНСК;Relouis;ул. Грицевца;1;+375 (29) 6932159;7;8101;
12215;МИНСК;Relouis;ул. Одинцова;  36/1.;+375 (17) 3130759;7;2572;
18832;МИНСК;Relouis;ул. Я.Мавра;44;+375 (29) 3920468;7;5874;
11723;МИНСК;Relouis;Игуменский тракт;20;+375 (29) 6926120;7;7925;
17264;МИНСК;Relouis;ул. Сердича;7;+375 (29) 6920447;7;3211;
18438;МИНСК;Relouis;ул. Налибокская;36;+375 (29) 6938249;7;3877;
19586;МИНСК;Relouis;ул. Голубева;146;+375 (44) 7696324;7;6823;
14270;МИНСК;Relouis;ул. Жиновича;20;+375 (29) 1944908;7;1358;
16590;МИНСК;Relouis;ул. Жиновича;1;+375 (44) 7696138;7;8099;
15912;МИНСК;Relouis;прт Партизанский;69;+375 (44) 7969062;7;9838;
11138;МИНСК;Relouis;ул. Кунцевщина;35;+375 (44) 7969062;7;4111;
17760;МИНСК;Relouis;Бобруйская;6;+375 (44) 7003057;7;9493;
11650;МИНСК;Relouis;ул. Жуковского;7;+375 (29) 6920206;7;5117;
12182;МИНСК;Relouis;ул. Якубова;  10.;+375 (29) 6930214;7;2083;
16921;МИНСК;Relouis;ул. Бурдейного; 13;+375 (17) 2093389 ;7;5399;
16067;МИНСК;Relouis;ул. Корженевского;  10/3;+375 (29) 6930214;7;9247;
15696;МИНСК;Relouis;ул. 6р Шевченко;2;+375 (29) 6926116;7;7140;
18831;МИНСК;Relouis;ул. Лобанка;26;+375 (29) 6508297;7;5622;
15774;МИНСК;Relouis;Логойский тракт; 1а1;+375 (44) 7656173;7;6990;
18397;МИНСК;Relouis;ул. Связистов;11;+375 (44) 7989915;7;4450;
16402;МИНСК;Relouis;ул. Кальварийская;4;+375 (29) 6931077;7;4769;
19154;МИНСК;Relouis;ул. Рокоссовского;396;+375 (29) 6931077;7;5025;
12645;МИНСК;Relouis;ул. Бурдейного;8119;+375 (44) 7949137;7;1478;
15515;МИНСК;Relouis;ул. Плеханова;40;+375 (29) 5678737;7;3679;
13018;МИНСК;Relouis;ул. Толбухина;10;+375 (29) 6930073;7;9572;
10937;МИНСК;Relouis;ул. Берута;  24/1;+375 (17) 3995349;7;1695;
16976;МИНСК;Relouis;пр. Победителей;49;+375 (29) 6577633;7;4965;
15148;МИНСК;Relouis;ул. Горецкого;27;+375 (44) 7949137;7;9068;
18508;МИНСК;Relouis;Логойский тракт ;28;+375 (29) 1920931;7;9594;
15534;МИНСК;Relouis;ул. Янки Лучины;5;+375 (44) 7661243;7;8894;
15516;МИНСК;Relouis;прт. Победителей;5;+375 (29) 6926076;7;7205;
19780;МИНСК;Relouis;прт Независимости ;д.58 ;+375 (29) 6926076;7;8557;
12684;МИНСК;Relouis;прт Независимости ;д.52а;+375 (29) 6027793;7;5219;
12775;МИНСК;Relouis;ул. Немига;  12а;+375 (29) 1920513;7;1878;
14468;МИНСК;Relouis;прт имени газ. Правда;  д.20;+375 (44) 7889731;7;1847;
10777;МИНСК;Relouis;ул. Кольцова;  10в;+375 (17) 3995350;7;9755;
15377;МИНСК;Relouis;ул. Сухаревская;6;+375 (29) 6577634;7;5308;
12807;МИНСК;Relouis;прт Дзержинского;119;+375 (44) 7949138;7;9406;
14892;МИНСК;Relouis;ул. Широкая;3147;+375 (29) 1920932;7;9012;
15458;МИНСК;Relouis;ул.Уральская;13;+375 (44) 7661244;7;3708;
15275;МИНСК;Relouis;прт Дзержинского;122;+375 (29) 6926076;7;3720;
11628;МИНСК;Relouis;прт Дзержинского;106;+375 (29) 6926076;7;1516;
18985;МИНСК;Relouis;ул.Долгиновский тракт; 178;+375 (29) 6027794;7;2015;
17622;МИНСК;Relouis;ул. Щорса;11;+375 (29) 1920514;7;9108;
14393;МИНСК;Relouis;ул. Лидская;12;+375 (44) 7889732;7;4971;
17203;МИНСК;Relouis;ул. Калиновского; 55;+375 (17) 3995351;7;9657;
17728;МИНСК;Relouis;ул. Платонова ;36;+375 (29) 6577635;7;9896;
12421;МИНСК;Relouis;ул. Есенина; 12;+375 (44) 7949139;7;2537;
14092;МИНСК;Relouis;бр Тракторостроителей ;5;+375 (29) 1920933;7;4502;
11161;МИНСК;Relouis;ул. Заславская;23;+375 (44) 7661245;7;7331;
18735;МИНСК;Relouis;ул. Колесникова;18;+375 (29) 6926076;7;5666;
10285;МИНСК;Relouis;ул.Сурганова;29;+375 (29) 6926076;7;8844;
17176;МИНСК;Relouis;ул. Янковского;44;+375 (29) 6027795;7;5459;
14347;МИНСК;Relouis;ул. Кунцевщина;  2/А;+375 (29) 1920515;7;8260;
16604;МИНСК;Relouis;ул. Мирошниченко; 3;+375 (44) 7889733;7;6949;
14396;МИНСК;Relouis;ул. Скрипникова;.11а ;+375 (17) 3995352;7;6209;
16251;МИНСК;Relouis;  Партизанский;31;+375 (29) 6577636;7;4777;
10081;МИНСК;Relouis;ул. Мирошниченко;3   ;+375 (44) 7949140;7;1252;
18696;МИНСК;Relouis;пр.Партизанский;56;+375 (29) 1920934;7;2158;
19615;МИНСК;Relouis;пр.Дзержинского;106;+375 (44) 7661246;7;5430;
10862;МИНСК;Relouis;ул. Кунцевщина;2 а;+375 (29) 6926076;7;1544;
13994;МИНСК;Relouis;ул. Янковского; 44;+375 (29) 6926076;7;5522;
14377;МИНСК;Relouis;ул. Немига; 12 А ;+375 (29) 6027796;7;6677;
17258;МИНСК;Relouis;пр. Победителей;49;+375 (29) 1920516;7;2941;
15744;МИНСК;Relouis;пр.Независимости;  52 А;+375 (44) 7889734;7;3885;
13009;МИНСК;Relouis;ул.И.Жиновича;1;+375 (17) 3995353;7;8725;
16505;МИНСК;Relouis;ул. Бурдейного;13;+375 (29) 6577637;7;7034;
16948;МИНСК;Relouis;Сеница;1;+375 (44) 7949141;7;9087;
14218;МИНСК;Relouis;ул. Скрипникова;11 А;+375 (29) 1920935;7;9603;
14381;МИНСК;Relouis;ул. Бельского; 10;+375 (44) 7661247;7;6579;
16533;МИНСК;Relouis;пересечение Логойского тракта и МКАД;+375 (29) 6926076;7;4201;
17036;МИНСК;Relouis;ул. Ильянская;4 ;+375 (29) 6926076;7;9126;
15646;МИНСК;Relouis;ул. Сухаревская;16;+375 (29) 6027797;7;4346;
11482;МИНСК;Relouis;ул. Налибокская;1 ;+375 (29) 1920517;7;2161;
18596;МИНСК;Relouis;ул.Лынькова;9;+375 (44) 7889735;7;4152;
12996;МИНСК;Relouis;прт Партизанский;104;+375 (17) 3995354;7;1584;
19161;МИНСК;Relouis;ул .Водолажского;15;+375 (29) 6577638;7;2346;
11709;МИНСК;Relouis;пр. Жукова;44;+375 (44) 7949142;7;6672;
14962;МИНСК;Relouis;ул. Кульман;  9;+375 (29) 1920936;7;7495;
13283;МИНСК;Relouis;ул. Прушинских;34;+375 (29) 6926076;7;2338;
18539;МИНСК;Relouis;прт Независимости;3;+375 (29) 6926076;7;3023;
18390;МИНСК;Relouis;ул.Ротмистрова;42 А;+375 (29) 6027798;7;9930;
15600;МИНСК;Relouis;ул. Сухаревская;46;+375 (29) 1920518;7;6333;
13522;МИНСК;Relouis;ул. Притыцкого;29;+375 (44) 7889736;7;5228;
17795;МИНСК;Relouis;ул. Мирошниченко;55;+375 (17) 3995355;7;4995;
13319;МИНСК;Relouis;ул. Кунцевщина;19;+375 (29) 6577639;7;4469;
10676;МИНСК;Relouis;ул. В. Хоружей;8;+375 (44) 7949143;7;3943;
12738;МИНСК;Relouis;ул. Кирова; 1;+375 (29) 1920937;7;7929;
15293;МИНСК;Relouis;ул. В. Хоружей; 6в;+375 (44) 7661249;7;7665;
15524;МИНСК;Relouis;ул. Волгоградская; 2а;+375 (29) 6926076;7;3945;
15024;МИНСК;Relouis;ул. Сухаревская;6;+375 (29) 6926076;7;3748;
12158;МИНСК;Relouis;ул. Казинца; 47;+375 (29) 6027799;7;2745;
11084;МИНСК;Relouis;прт Рокоссовского;  150А;+375 (29) 1920519;7;6402;
16484;МИНСК;Relouis;ул. Бурдейного 6;54;+375 (44) 7889737;7;1815;
11872;МИНСК;Relouis;ул. Жилуновича;100;+375 (17) 3995356;7;4160;
12105;МИНСК;Relouis;ул. Алибегова 13/1;21;+375 (29) 6577640;7;3637;
18394;МИНСК;Relouis;ул. Мирошниченко;+375 (44) 7949144;7;3862;
12664;МИНСК;Relouis;Сурганова;1;+375 (29) 1920938;7;8053;
13705;МИНСК;Relouis;ул. Московская;2;+375 (44) 7661250;7;6132;
16624;МИНСК;Relouis;ул. Воронянского;Д.30;+375 (29) 6926076;7;2507;
14821;МИНСК;Relouis;ул. Сурганова;150;+375 (29) 6926076;7;3692;
16309;МИНСК;Relouis;ул. Маяковского;2;+375 (17) 3995350;7;7360;
12828;МИНСК;Relouis;прт. Пушкина;Д.11;+375 (29) 6577634;7;9148;
10035;МИНСК;Relouis;ул. Дзержинского; Д. 5;+375 (44) 7949138;7;1699;
10696;МИНСК;Relouis;ул. Уманская;Д. 156;+375 (29) 1920932;7;7846;
18457;МИНСК;Relouis;ул. Руссиянова;24;+375 (44) 7661244;7;8447;
14657;МИНСК;Relouis;ул. Голубка;26;+375 (29) 6926076;7;8918;
12138;МИНСК;Relouis;ул. Я.Коласа;65;+375 (29) 6926076;7;9120;
10801;МИНСК;Relouis;ул. Кунцевщина;154;+375 (29) 6027794;7;8837;
12244;МИНСК;Relouis;ул. Неманская;210;+375 (29) 1920514;7;4025;
16488;МИНСК;Relouis;ул. Скрипникова;16;+375 (44) 7889732;7;7108;
12623;МИНСК;Relouis;ул. Притыцкого;326 (1 ЭТАЖ);+375 (17) 3995351;7;1955;
18800;МИНСК;Relouis;ул. Казинца;19;+375 (29) 6577635;7;9880;
18924;МИНСК;Relouis;ул. Ложинская;31;+375 (44) 7949139;7;8208;
16150;МИНСК;Relouis;ул. Логойский тракт;Д.35;+375 (29) 1920933;7;6801;
17081;МИНСК;Relouis;ул. Красная;10;+375 (44) 7661245;7;3077;
10501;МИНСК;Relouis;ул. Притыцкого;15;+375 (29) 6926076;7;9251;
12099;МИНСК;Relouis;прт. Независимости;6;+375 (29) 6926076;7;4823;
16213;МИНСК;Relouis;ул. Никифорова;3;+375 (29) 6027795;7;7806;
19264;МИНСК;Relouis;прт. Газеты Правда;42 А;+375 (29) 1920515;7;6264;
19131;МИНСК;Relouis;ул. Пономаренко;46;+375 (44) 7889733;7;7060;
16409;МИНСК;Relouis;ул. Немига;29;+375 (17) 3995352;7;7725;
11710;МИНСК;Relouis;ул. Притыцкого;55;+375 (29) 6577636;7;8468;
17709;МИНСК;Relouis;ул. В.Хоружей;19;+375 (44) 7949140;7;9911;
16794;МИНСК;Relouis;ул. бр. Тракторостроителей;8;+375 (29) 1920934;7;5100;
16551;МИНСК;Relouis;ул. Неманская; 1;+375 (44) 7661246;7;3511;
14607;МИНСК;Relouis;ул. Рафиева; 6в;+375 (29) 6926076;7;4821;
17922;МИНСК;Relouis;Игуменский трт; 2а;+375 (29) 6926076;7;8254;
19564;МИНСК;Relouis;ул. Селицкого;6;+375 (29) 6027796;7;5395;
11005;МИНСК;Relouis;прт Независимости; 47;+375 (29) 1920516;7;6215;
17785;МИНСК;Relouis;Время работы:;  150А;+375 (44) 7889734;7;8530;
12016;МИНСК;Relouis;9:00  20:00;54;+375 (17) 3995353;7;6517;
13769;МИНСК;Relouis;ул. Кирова;100;+375 (29) 6577637;7;8473;
10538;МИНСК;Relouis;ул. Уральская;21;+375 (44) 7949141;7;6643;
11260;МИНСК;Relouis;ул. Никифорова;+375 (29) 1920935;7;6538;
11387;МИНСК;Relouis;ул.Притыцкого;1;+375 (44) 7661247;7;4126;
19507;МИНСК;Relouis;бр Шевченко;2;+375 (29) 6926076;7;3085;
19768;МИНСК;Relouis;д. Боровляны;Д.30;+375 (29) 6926076;7;8200;
12765;МИНСК;Relouis;п. Юбилейный;150;+375 (29) 6027797;7;9934;
18889;МИНСК;Relouis;г.п. Свислочь;2;+375 (29) 1920517;7;3400;
15087;МИНСК;Relouis;ул. Рокоссовского;Д.11;+375 (44) 7889735;7;8293;
10237;МИНСК;Relouis;ул. Космонавтов ; Д. 5;+375 (17) 3995354;7;4925;
13323;МИНСК;Relouis;4й пер. Кольцова;Д. 156;+375 (29) 6577638;7;8288;
12600;МИНСК;Relouis;Белинского;68155;+375 (44) 7949142;7;2566;
17283;МИНСК;Relouis;Дзержинского;79;+375 (29) 1920936;7;1740;
12523;МИНСК;Relouis;Долгобродская;34;+375 (44) 7661248;7;4473;
11619;МИНСК;Relouis;Есенина;51;+375 (29) 6926076;7;6421;
17338;МИНСК;Relouis;Жуковского; 45;+375 (29) 6926076;7;8754;
11252;МИНСК;Relouis;Кальварийская; 6;+375 (29) 6027798;7;6582;
17632;МИНСК;Relouis;Леси Украинки;  147/1Н;+375 (29) 1920518;7;2520;
16429;МИНСК;Relouis;Логойский тракт; 128;+375 (44) 7889736;7;7715;
15202;МИНСК;Relouis;Матусевича;45;+375 (17) 3995355;7;9463;
17092;МИНСК;Relouis;Матусевича; 2/31;+375 (29) 6577639;7;3135;
16801;МИНСК;Relouis;Мясникова;80;+375 (44) 7949143;7;6732;
12475;МИНСК;Relouis;Немига; 150в;+375 (29) 1920937;7;7417;
19160;МИНСК;Relouis;Ольшевского;10;+375 (44) 7661249;7;3236;
18751;МИНСК;Relouis;Острошицкая; 6;+375 (29) 6926076;7;1923;
10418;МИНСК;Relouis;Партизанский;  147/1Н;+375 (29) 6926076;7;7760;
17164;МИНСК;Relouis;Партизанский; 128;+375 (29) 6027799;7;6775;
19722;МИНСК;Relouis;Партизанский;45;+375 (29) 1920519;7;8358;
11519;МИНСК;Relouis;Притыцкого; 2/31;+375 (17) 3995356;7;8655;
10818;МИНСК;Relouis;Рокоссовского;80;+375 (29) 6577640;7;2876;
15933;МИНСК;Relouis;Рокоссовского; 150в;+375 (44) 7949144;7;9809;
12674;МИНСК;Relouis;Скрипникова;10;+375 (29) 1920938;7;1877;
14758;МИНСК;Relouis;Уборевича; 95а;+375 (44) 7661250;7;4373;
15747;МИНСК;Relouis;Червякова; 4;+375 (29) 6926076;7;6598;
19871;МИНСК;Relouis;Шевченко; 24;+375 (29) 6926076;7;5734;
15122;МИНСК;Relouis;Я.Брыля;24;+375 (29) 60277100;7;9630;
10683;МИНСК;Relouis;Янковского;44;+375 (29) 1920520;7;8898;
19468;Минск;Relouis;ул. Денисовская;65;+375 (29) 6926076;7;5689;
18247;Минск;Relouis;прт Независимости; 8/2  ;+375 (17) 3995350;7;1846;
13797;Минск;Relouis;ул. Притыцкого;6.  ;+375 (29) 6577634;7;2744;
10130;Минск;Relouis;ул. Сурганова;93;+375 (44) 7949138;7;8680;
19892;Минск;Relouis;ул. ДунинаМарцинкевича;50;+375 (29) 1920932;7;2543;
16077;Минск;Relouis;ул. Мстиславца;11;+375 (44) 7661244;7;6565;
19352;Минск;Relouis;пр.Независимости;11;+375 (29) 6926076;7;8598;
12653;Минск;Relouis;ул. Притыцкого;32;+375 (29) 6926076;7;2652;
17490;Минск;Relouis;пр.Победителей;156;+375 (29) 6027794;7;6733;
16822;Минск;Relouis;ул. Мирошниченко и МКАД;65;+375 (17) 3995350;7;2824;
17980;Минск;Relouis;ул. Бобруйская;+375 (29) 6577634;7;2075;
19727;Минск;Relouis;ул. П. Глебки; 6  ;+375 (44) 7949138;7;5518;
16738;Минск;Relouis;прт Дзержинского;5;+375 (29) 1920932;7;8225;
15784;Могилев;Relouis; Димитрова; 70а;+375 (29) 5490357;6;5260;
10390;Могилев;Relouis; Минское шоссе;31;+375 (29) 6831811 ;6;3719;
17906;Могилев;Relouis; Королева; 37а;+375 (236) 210366;6;1419;
11079;Могилев;Relouis; Мира;1;+375 (222) 774847;6;1564;
13554;Могилев;Relouis; Пушкинский; 75д2;+375 (176) 759694 ;6;2625;
13673;Могилев;Relouis; Якубовского;44;+375 (44) 7858089;6;4115;
10215;Могилев;Relouis; Гришина;4;+375 (44) 7858089;6;4130;
12269;Могилев;Relouis; Ленинская;914;+375 (29) 7756459;6;7553;
18251;Могилев;Relouis; Пушкинский;24;+375 (29) 6831811 ;6;7401;
18918;Могилев;Relouis; Симонова; 29б;+375 (29) 1944957;6;4700;
19958;Могилев;Relouis; Якубовского; 51б;+375 (29) 5490357;6;1240;
19930;Могилев;Relouis; Лазаренко; 73б;+375 (236) 202135;6;7712;
15734;Могилев;Relouis; Ленинская; 14а;+375 (29) 6831811 ;6;5339;
11094;Могилев;Relouis; Мира;20;+375 (29) 1920364;6;9159;
16333;Могилев;Relouis; Терехина;9;+375 (176) 777982 ;6;7037;
14964;Могилев;Relouis; Челюскинцев;41;+375 (44) 7373796;6;7751;
12126;Могилев;Relouis; ул. Пионерская;50А;+375 (44) 7949138;6;6808;
16685;Могилев;Relouis;бр Непокоренных;47 ;+375 (29) 6577634;6;4668;
19695;МОГИЛЕВ;Relouis;УЛ.ПЕРВОМАЙСКАЯ;61;+375 (44) 7003027;6;2717;
13317;МОГИЛЕВ;Relouis;УЛ.КОРОЛЕВА;19;+375 (44) 7893926;6;4704;
11254;МОГИЛЕВ;Relouis;УЛ.ПЕРВОМАЙСКАЯ;20;+375 (29) 3920576;6;6629;
10774;МОГИЛЕВ;Relouis; УЛ. МОВЧАНСКОГО;6;+375 (44) 7373935;6;8246;
16537;МОГИЛЕВ;Relouis;УЛ. ОСТРОВСКОГО;5;+375 (44) 7822736;6;2791;
16203;Могилев;Relouis;ул. Гагарина;91;+375 (44) 7661244;6;9700;
17479;Могилев;Relouis;Минское шоссе;79  1й этаж. ;+375 (29) 6926076;6;6768;
17733;Могилев;Relouis;прт Мира;27;+375 (44) 7889735;6;8365;
19070;Мозырь;Relouis; Дружбы; 11а;+375 (236) 210366;3;7931;
13708;Мозырь;Relouis; Дружбы; 1б;+375 (236) 202135;3;5066;
19212;Мозырь;Relouis; Интернациональная; 53б;+375 (29) 2340575;3;9559;
18155;Мозырь;Relouis; Ленинская;75;+375 (29) 3920641;3;3107;
16699;Мозырь;Relouis; Полесская; 24а;+375 (29) 3920659;3;2112;
10572;Мозырь;Relouis; Притыцкого; 2г;+375 (44) 7670391;3;1960;
14375;Мозырь;Relouis; Социалистическая; 115а;+375 (44) 5788044;3;8985;
16262;Мозырь;Relouis; Малинина; 1а/4;+375 (236) 209655;3;7158;
17886;МОЗЫРЬ;Relouis;УЛ.ПРИТЫЦКОГО; 2А;+375 (29) 6926520;3;6623;
10738;Молодечно;Relouis; В.Гостинец; 143б;+375 (176) 706139 ;5;6714;
11226;Молодечно;Relouis; Великий Гостинец; 163А;+375 (44) 7696295;5;9110;
11311;Молодечно;Relouis; Волынца;12;+375 (29) 1944957;5;8560;
14309;Молодечно;Relouis; Гостинец;67;+375 (29) 1944957;5;1424;
15999;Молодечно;Relouis; Космонавтов; 1а;+375 (29) 1920364;5;8886;
17356;Мосты;Relouis; Советская;3;+375 (29) 7756459;4;7283;
16231;Мстиславль;Relouis; Петра Мстиславца; 1а;+375 (29) 6930536;6;4141;
16910;Наровля;Relouis; Ленина;3;375 (29) 6920228;3;9703;
15673;Несвиж;Relouis; 1ый Советский;9;+375 (44) 7696182;5;7076;
19622;Новогрудок;Relouis; Минская; 7а;375 (29) 1921730;4;3725;
19150;Новогрудок;Relouis; Мицкевича;48;+375 (29) 1921730;4;6452;
14018;Новополоцк;Relouis; Нефтяников;6;+375 (214) 752714;2;6129;
19444;Новополоцк;Relouis; Молодежная; 166а;+375 (29) 3801826;2;8830;
19248;Новополоцк;Relouis; Молодежная; 92а1;+375 (29) 3929504;2;4557;
19410;Новополоцк;Relouis;ул. Блохина;16;+375 (44) 7661244;2;9544;
14475;НОВОПОЛОЦК;Relouis;УЛ.КИРОВА;3;+375 (44) 7833595;2;8935;
19403;Орша;Relouis; Мира;4;+375 (216) 540226;2;2262;
15069;Орша;Relouis; Могилевская; 113а/2 ;+375 (29) 6933443;2;7332;
12049;Орша;Relouis; Молокова; 6 ;+375 (44) 7822168;2;2438;
15574;Орша;Relouis; Свердлова;16;+375 (216) 545620;2;7186;
17411;Орша;Relouis; Текстильщиков; 11/1;+375 (44) 7373926;2;3204;
13914;Орша;Relouis; Флерова; 2а;+375 (216) 265813;2;1833;
14333;Орша;Relouis;прт Текстильщиков;12/25    ;+375 (29) 1920932;2;5340;
19432;ОРША;Relouis;ПЛ.ЦЕНТРАЛЬНАЯ;2;+375 (29) 3936322;2;3983;
14077;Осиповичи;Relouis;Сумченко;27;+375 (29) 6938416 ;6;5336;
13698;Осиповичи;Relouis;Сумченко;  63б/1;+375 (29) 1956082;6;2605;
14923;Осиповичи;Relouis;ул.Сумченко;45;+375 (29) 6577638;6;8776;
13094;Островец;Relouis;Аэродромная;  21 ;+375 (2235) 74605 ;4;1372;
18198;Островец;Relouis; Карла Маркса;14;+375 (29) 1956082;4;7045;
17272;Ошмяны;Relouis;Красноармейская;9;+375 (29) 1921726;4;9562;
19653;Петриков;Relouis;Базарная;  10а;+375 (1593) 73319 ;3;9539;
15971;Пинск;Relouis;ул.Партизанская;35;+375 (44) 7889736;1;9396;
14199;Пинск;Relouis;13;+375 (29) 1920937;1;7235;
16345;Пинск;Relouis; ул.Центральная;135;+375 (29) 6577639;1;5960;
16751;Пинск;Relouis; прт Жолтовского;44;+375 (44) 7949143;1;4685;
11831;Пинск;Relouis;ул.Брестсткая;42;+375 (17) 3995355;1;8145;
18415;Пинск;Relouis; ул. Ленина;13;+375 (29) 6926076;1;8687;
19423;Пинск;Relouis; Жолтовского;26;+375 (29) 6921897;1;7353;
11142;Пинск;Relouis; ИркутскоПинской дивизии; 61А1;+375 (44) 5557773;1;1944;
19944;Пинск;Relouis; Ленина; 1 пом.2;+375 (29) 6924975;1;1426;
14653;Пинск;Relouis; Карла Маркса; 29а1;+375 (29) 1922021;1;4350;
12536;Пинск;Relouis; Первомайская;90;+375 (29) 3920173;1;8698;
12936;Пинск;Relouis;Ленинградская;15;+375 (29) 6924975;1;5921;
15953;Пинск;Relouis;Центральная; 44а;+375 (29) 1922021;1;1600;
17655;Полоцк;Relouis; Вильнюсское шоссе; 1 корп. 2;+375 (29) 3920675;2;9600;
12704;Полоцк;Relouis; Космонавтов;77;+375 (214) 460313 ;2;2195;
11197;Полоцк;Relouis; Гоголя;19;+375 (29) 3801805;2;4656;
17828;Полоцк;Relouis; Петруся Бровки; 454 ;+375 (29) 3920129;2;4915;
15395;Полоцк;Relouis; Октябрьская; 84а;+375 (33) 3663939 ;2;2790;
14708;Полоцк;Relouis; Хруцкого;8;+375 (29) 3801845;2;2935;
14214;Полоцк;Relouis; Франциска Скорины;37;+375 (29) 6931044;2;5433;
14640;ПОЛОЦК;Relouis; УЛ.ГОГОЛЯ;16;+375 (44) 5601282;2;3298;
15453;Поставы;Relouis; Вокзальная;5;+375 (44) 7656283;2;6232;
10967;Пружаны;Relouis; Парковая; 3а;+375 (29) 3801845;1;7394;
10898;Речица;Relouis; Советская;108;+375 (29) 1981289;3;6098;
12910;Речица;Relouis; Луначарского;5;+375 (2155) 24016 ;3;8378;
14164;Речица;Relouis; Советская;51;+375 (29) 6930403;3;9852;
17175;Речица;Relouis;Светлогорское шоссе;27;+375 (2340) 20356;3;2632;
16060;Речица;Relouis;Строителей;  4б;+375 (29) 1956234;3;6523;
18905;РЕЧИЦА;Relouis;УЛ.СНЕЖКОВА;19;+375 (29) 1920109;3;1373;
15700;РЕЧИЦА;Relouis;ул. Советская; 97Б;+375 (44) 7949142;3;9693;
17830;Рогачев;Relouis;Октябрьская;27;+375 (29) 8239102;3;4845;
17527;Светлогорск;Relouis; Калинина;6;+375 (2340) 49950;6;4456;
17529;Светлогорск;Relouis;12;+375 (29) 1956234;6;4860;
12965;Светлогорск;Relouis; Социалистическая;80;+375 (44) 7868187;6;4930;
17805;СВЕТЛОГОРСК;Relouis;МКР МОЛОДЕЖНЫЙ;20А;+375 (29) 6934081;6;4578;
11508;Свислочь;Relouis; Строителей;12;+375 (29) 6930458;4;7687;
18858;Свислочь;Relouis;Комсомольская;12;+375 (29) 6920168;4;3160;
17161;Сенно;Relouis;Машерова;10;+375 (29) 6920168;2;6096;
11774;Славгород;Relouis;Октябрьская;40 ;+375 (29) 3432926;6;1876;
14247;Слоним;Relouis;Ершова;58;+375 (29) 6930661 ;4;5907;
13653;Слоним;Relouis; Ершова;58;+375 (44) 7969104;4;6204;
11317;Слоним;Relouis;Красноармейская;6;+375 (44) 7656273;4;3557;
12026;Слоним;Relouis;Комсомольская;5;+375 (29) 6933476;4;9825;
16701;Слуцк;Relouis; Богдановича;31;+375 (29) 3412890;5;2377;
19677;Слуцк;Relouis; 14 Партизан;15;+375 (29) 1920241 ;5;5541;
14992;Слуцк;Relouis;Мельничная;  8б;+375 (1795) 25220;5;2593;
18136;Смолевичи;Relouis; Ленинская; 1а;+375 (29) 3801806 ;5;7529;
11879;Смолевичи;Relouis;50 лет Октября;4;+375 (1776) 54500;5;4537;
14601;Сморгонь;Relouis; Ленина;4;+375 (1562) 65676;4;3652;
16158;Сморгонь;Relouis; Юбилейная;8;+375 (1562) 65855;4;5664;
10811;Сморгонь;Relouis; Суворова; 32 ;+375 (44) 7833097 ;4;1357;
11780;Сморгонь;Relouis;Якуба Коласа;  91а;+375 (44) 7858153;4;1222;
15725;Солигорск;Relouis;Заслонова;  67в;+375 (44) 7833097;5;4574;
17819;Солигорск;Relouis;Ленинского Комсомола;18;+375 (29) 3801871;5;9587;
10345;Солигорск;Relouis;Ленина;20;+375 (29) 3801871;5;2062;
11989;Солигорск;Relouis;Октябрьская;38 ;+375 (29) 3920593;5;7132;
19743;Солигорск;Relouis;Шахтеров;264 ;+375 (29) 6890412;5;4599;
13552;СОЛИГОРСК;Relouis;УЛ. К. ЗАСЛОНОВА;29;+375 (29) 3486151;5;3640;
14814;СОЛИГОРСК;Relouis;УЛ.ЖЕЛЕЗНОДОРОЖНАЯ;  21А;+375 (44) 7373956;5;4856;
15778;Столбцы;Relouis; Первомайская;1;+375 (1717) 74477 ;5;1421;
14300;Столин;Relouis;Советская;39;+375 (29) 6920206;1;3838;
12328;Толочин;Relouis;Тракторная;  30а;+375 (44) 5167056 ;2;9335;
12055;Узда;Relouis; Молодежная;27б;+375 (29) 1929054;5;7560;
16964;Фаниполь;Relouis; Комсомольская;8а;+375 (44) 7818268;5;3768;
10008;Хотимск;Relouis;Болдина;  2а;+375 (29) 1956154;6;7194;
12010;Чашники;Relouis;Ленинская;121б;+375 (44) 7969050;2;8537;
18381;Червень;Relouis;Барыкина; 79а;+375 (29) 7085960;5;8482;
17376;ЧЕРВЕНЬ;Relouis; УЛ.К.МАРКСА;8;+375 (44) 7969119;5;2592;
19777;Чериков;Relouis;Ленинская;178;+375 (29) 3920365;6;6640;
15985;Чечерск;Relouis;Советская;49;+375 (29) 6927853;3;5368;
16091;Шклов;Relouis;Советская; 1А;+375 (29) 3920593;6;3209;
10164;Щучин;Relouis;Гастелло;6;+375 (1514) 74001;4;2883;
