IL60 6067 3149 5605 0712 838,Fuscia,body art,classic,panty,Fuscia,1,17.83,8637
CH70 4769 3PFP RV8I V6IQ N,Turquoise,classic,classic,panty,Turquoise,9,39.1,8328
FI81 7112 0760 3025 31,Crimson,body art,classic,panty,Crimson,2,66.68,9810
TR92 5094 4M29 MUQG KUBG OMRU VB,Orange,basic,classic,panty,Orange,7,32.13,8081
PS43 GSQV RYEI UFL4 4ORC E4QJ SBYZ P,Crimson,body art,classic,panty,Crimson,6,40.75,1935
FR88 0723 5336 540D SKAN 17NB M35,Puce,body art,classic,panty,Puce,4,91.42,7953
CY82 3680 6004 I85A EYMD K0N6 LNOU,Orange,basic,classic,panty,Orange,5,25.22,9592
FR67 9169 7066 93GL 5FGI SMPG E30,Puce,basic,classic,panty,Puce,9,40.59,1817
SK03 6206 7834 8443 4688 4322,Red,cotton,classic,panty,Red,3,70.61,1177
FO20 6520 0054 1868 63,Indigo,accent,classic,panty,Indigo,8,21.76,1219
SM37 G821 3883 102N CGBK WVIN DRB,Mauv,accent,classic,panty,Mauv,8,94.68,9781
CH81 4481 7QWF XV6Z CJB5 I,Pink,classic,classic,panty,Pink,3,52.56,5847
GR94 9902 189X FCUU FNNC RBL3 OCK,Goldenrod,accent,classic,panty,Goldenrod,9,8.31,5590
NL30 WRTU 2858 8474 58,Violet,basic,classic,panty,Violet,5,21.36,5398
EE29 1447 4089 2015 6428,Pink,basic,classic,panty,Pink,1,14.48,3196
FI21 5139 6147 0166 07,Red,basic,classic,panty,Red,7,83.35,5976
FR43 1482 9848 35HB 1WBY Y0C7 I00,Indigo,body art,classic,panty,Indigo,5,67.77,7752
FR42 1798 5410 527N P18J OW9I H43,Maroon,cotton,classic,panty,Maroon,7,90.44,9020
FR11 0137 0384 562B GZAI O9YG N80,Aquamarine,classic,classic,panty,Aquamarine,7,26.04,4217
EE18 7942 0478 8499 9325,Violet,body art,classic,panty,Violet,7,75.42,4504
HR51 4861 7802 2021 9057 1,Puce,accent,classic,panty,Puce,3,82.72,1131
TN48 6114 7032 6791 5618 5751,Khaki,cotton,classic,panty,Khaki,9,25.6,4269
SM23 J159 8827 597N P9H3 6ZXS MU8,Aquamarine,cotton,classic,panty,Aquamarine,8,56.89,3770
GB54 DRNR 8598 7199 4407 82,Red,cotton,classic,panty,Red,9,83.69,8111
FR64 6914 2473 86P7 F0HO QDHL I25,Fuscia,classic,classic,panty,Fuscia,3,56.69,3871
FI59 3483 8660 8156 92,Turquoise,classic,classic,panty,Turquoise,3,32.72,5771
FR75 1005 2459 82X2 42FK A5AP R01,Indigo,body art,classic,panty,Indigo,2,34.55,3048
LB11 0385 3EBA JKSK WLYE KDWK DZZN,Khaki,cotton,classic,panty,Khaki,8,58.07,8496
KW12 TVPX YEFM WFVF FJCN 2RK1 L1NY BM,Green,basic,classic,panty,Green,4,32.7,1546
GB94 AMLY 8812 0449 0992 10,Green,body art,classic,panty,Green,5,70.44,8511
FR42 5637 2412 33NZ I421 KBQC Y50,Crimson,classic,classic,panty,Crimson,8,82.15,3620
BR79 5774 0689 0370 6352 2132 929K 7,Mauv,accent,classic,panty,Mauv,3,49.46,5725
FR38 5228 7921 6439 NBC8 LHIM W62,Khaki,classic,classic,panty,Khaki,3,15.81,7317
SA04 76TG FLRR 1JW0 XYDS EXJA,Pink,body art,classic,panty,Pink,3,85.05,6580
HU54 0442 9984 2606 9522 8923 4010,Pink,basic,classic,panty,Pink,8,38.61,9536
GB29 VOSW 4914 7964 8139 38,Goldenrod,body art,classic,panty,Goldenrod,2,59.99,5357
KW53 HDYS N9FM 0WSC MR5R IZL8 MH6S XI,Crimson,accent,classic,panty,Crimson,9,29.81,1171
LB31 7088 QYMP IRZB OQSG Z3ZM CIF5,Blue,body art,classic,panty,Blue,2,44.3,8968
LI87 9033 91VP ONN5 XIS2 W,Khaki,cotton,classic,panty,Khaki,1,58.04,6014
MK33 492G WEET BXJ5 Z12,Puce,classic,classic,panty,Puce,6,11.62,9391
FR67 0642 0830 65CQ 7EGQ 8Z7Z B98,Indigo,classic,classic,panty,Indigo,1,42.87,9459
SI08 4818 3337 4876 191,Green,basic,classic,panty,Green,3,93.98,7842
CR10 4948 5467 0574 9935 3,Maroon,basic,classic,panty,Maroon,1,96.91,6283
MK89 727B DHDB XSI4 Z40,Crimson,basic,classic,panty,Crimson,9,67.82,5769
GT24 HPNC 0CCW KIUU O0HC IGQW 6TJW,Yellow,cotton,classic,panty,Yellow,7,21.46,6829
IS78 0918 5251 7896 0492 3920 76,Orange,basic,classic,panty,Orange,5,11.11,2509
LI54 9698 5XC9 XMP9 TKLR 1,Red,accent,classic,panty,Red,7,17.83,8146
DO74 CUBR 3165 7531 7748 1738 6597,Khaki,basic,classic,panty,Khaki,5,69.91,8723
IE31 DQGK 7685 0907 2178 82,Mauv,accent,classic,panty,Mauv,9,53.22,6074
LI19 8579 81VV 2A9X G4S1 Y,Green,basic,classic,panty,Green,9,99.97,1380
FR30 9359 1488 565Q NQBM VVMG U41,Violet,basic,classic,panty,Violet,5,50.46,7269
IT85 B184 2860 825V 1CVE UINX YGZ,Red,basic,classic,panty,Red,5,4.95,1324
CY61 1121 5375 M38D KRHC UC3I NKDN,Mauv,accent,classic,panty,Mauv,3,81.64,2589
AL98 8679 8410 OZE2 GAVE SVIW YD3S,Red,basic,classic,panty,Red,2,65.94,9158
KZ84 1334 UMXA RF2A P2VK,Orange,accent,classic,panty,Orange,4,65.8,9617
CY20 0672 5176 JPJ5 ZEF6 6F4G JN7E,Indigo,accent,classic,panty,Indigo,4,86.91,3755
AD54 3825 2902 8UQ9 JPHK XFWX,Violet,accent,classic,panty,Violet,7,3.1,6009
FR97 5677 0637 13KD DVLP T2NR 017,Violet,accent,classic,panty,Violet,7,95.57,6362
HU80 7555 4427 5475 1074 5574 8605,Fuscia,cotton,classic,panty,Fuscia,5,19.18,5033
MK48 0071 CUQ6 XZDI Y96,Green,basic,classic,panty,Green,4,16.86,3226
PS84 JWHG YTPC RLDN WQH4 NI1W VR7N M,Teal,basic,classic,panty,Teal,8,97.74,4266
AZ28 GDTY A0HB 0YYM ZPYU X493 AGVN,Maroon,classic,classic,panty,Maroon,5,20.61,2418
RS73 5491 0441 1396 0775 39,Turquoise,classic,classic,panty,Turquoise,1,56.74,3034
NO14 9345 4551 527,Green,cotton,classic,panty,Green,7,15.54,2523
RO10 YFXC Z997 BQNQ 21US YYV2,Turquoise,classic,classic,panty,Turquoise,4,37.88,4280
DK31 3181 8851 9211 13,Teal,classic,classic,panty,Teal,7,78.53,8598
EE17 6593 1721 1641 1069,Mauv,cotton,classic,panty,Mauv,3,50.75,3045
TR52 2099 6HGB ENRY LJCP LGXK 0R,Orange,body art,classic,panty,Orange,5,78.86,2852
BE82 8136 6053 0020,Violet,classic,classic,panty,Violet,4,22.19,7038
FR42 1222 1334 56TU MBZ8 RGTJ W85,Blue,accent,classic,panty,Blue,8,3.52,7444
FR53 9625 9237 97DH NCO7 B3PE P39,Khaki,basic,classic,panty,Khaki,9,89.45,8902
FR92 1685 9119 04DX I1GJ V2TL P87,Green,basic,classic,panty,Green,4,9.88,6684
MK07 821Q AUXI RAJM B51,Aquamarine,basic,classic,panty,Aquamarine,2,81.61,2281
SA90 33UL C8VE 9W9J VPWY NPRN,Turquoise,cotton,classic,panty,Turquoise,2,90.15,4199
PK96 DYBQ BEXS 97G6 FX4L MFPL,Green,accent,classic,panty,Green,2,63.66,1078
BG26 QAQD 5148 07KP NAKW 0A,Teal,cotton,classic,panty,Teal,6,93.14,5693
AE48 8180 5166 8657 1783 330,Fuscia,cotton,classic,panty,Fuscia,6,41.35,7344
TR58 1565 2OBK L2OW W59H MITQ YG,Red,accent,classic,panty,Red,7,64.1,4975
AZ42 LYMR 4DQX PXOF JFUN APQT S0C2,Puce,cotton,classic,panty,Puce,3,34.27,2111
NO89 7156 3428 866,Red,cotton,classic,panty,Red,7,51.16,7422
LI43 3766 4HYZ M4FD MNUS M,Goldenrod,classic,classic,panty,Goldenrod,9,5.55,3691
TN05 0766 7130 5912 0624 2176,Turquoise,classic,classic,panty,Turquoise,5,36.67,8471
CY20 1193 3634 QNKB PHML AMYU 1D72,Orange,accent,classic,panty,Orange,5,65.24,5577
GE54 VB18 8452 8630 2476 03,Teal,classic,classic,panty,Teal,6,67.74,8451
KZ29 088O NUG5 6KDL 2CQB,Fuscia,accent,classic,panty,Fuscia,2,41.5,5807
FR12 8484 3657 51EL SX1D QAII S60,Fuscia,classic,classic,panty,Fuscia,8,31.71,5311
PS88 FDLC F4RF GZCX 6HHN QVX2 DWC1 V,Puce,body art,classic,panty,Puce,2,4.22,2836
HR48 2094 3426 2301 1486 3,Puce,cotton,classic,panty,Puce,1,75.27,4074
AD55 4645 9279 54MB ASAM FJRB,Aquamarine,classic,classic,panty,Aquamarine,3,19.52,5292
GT72 2VXD NFGF BNOA BLWO XDRI H4QH,Khaki,basic,classic,panty,Khaki,1,8.54,7157
DO10 BQVV 7414 2414 8192 4393 8226,Fuscia,classic,classic,panty,Fuscia,5,19.64,9391
KZ09 477C QISC LHCD RJNF,Fuscia,cotton,classic,panty,Fuscia,9,92.85,3596
SM28 A959 6902 016A TGHA QI2A SLU,Orange,classic,classic,panty,Orange,3,11.85,1213
LI98 4942 2K3G NJDE L8TR 2,Green,accent,classic,panty,Green,7,45.09,7357
CZ61 3172 5656 3970 4497 5045,Puce,cotton,classic,panty,Puce,2,91.97,1564
NL82 AVHK 7958 2873 68,Turquoise,basic,classic,panty,Turquoise,1,73.56,4395
PS62 JNXM MJWY M58L PWSY GGEJ QKQF 2,Pink,accent,classic,panty,Pink,2,18.99,7410
VG08 YCJZ 9906 1037 4976 4811,Yellow,classic,classic,panty,Yellow,5,63.33,2924
GB54 ADGO 8391 2632 2602 66,Goldenrod,body art,classic,panty,Goldenrod,4,45.75,9987
ES67 2072 0645 9339 5265 2220,Violet,basic,classic,panty,Violet,6,17.9,7531
AT21 9612 2594 3791 5135,Maroon,classic,classic,panty,Maroon,4,90.24,2748
FR86 7033 7606 89JJ YH8O D7HK D66,Mauv,cotton,classic,panty,Mauv,3,77.25,4152
RO14 LOIC 5NIU EONN YMIL ELRZ,Aquamarine,classic,classic,panty,Aquamarine,4,66.69,1763
MD06 S5WU ONSC ONF6 YAJW EIUM,Red,classic,classic,panty,Red,6,90.97,9726
AE56 8994 0856 5762 5607 293,Mauv,body art,classic,panty,Mauv,8,70.37,5908
MR87 7076 2006 3903 1589 6239 171,Green,accent,classic,panty,Green,9,85.28,9190
CH49 3250 2KH1 NOBE BUIR 8,Crimson,accent,classic,panty,Crimson,5,67.87,1943
ES76 6967 8575 1162 6695 5467,Puce,body art,classic,panty,Puce,6,78.64,8350
PS86 JEAC MD4L DAUX X2KH KS4Y 7EGY Q,Crimson,accent,classic,panty,Crimson,6,51.87,1066
NL11 SAUJ 3558 7857 24,Maroon,cotton,classic,panty,Maroon,7,74.08,6482
KZ20 972W IOIA P9K9 GBW2,Goldenrod,accent,classic,panty,Goldenrod,1,87,4134
MC83 1491 1649 285E NQTY JFND O63,Teal,cotton,classic,panty,Teal,7,18.86,1143
AT23 2812 1044 0009 9696,Green,classic,classic,panty,Green,1,74.16,5828
SK29 8041 5828 3813 7990 1337,Teal,classic,classic,panty,Teal,6,10.01,4766
GL04 1109 6041 8441 23,Purple,body art,classic,panty,Purple,6,28.48,2110
GR66 5506 7723 NLXM OGHO 0VYL GDL,Yellow,cotton,classic,panty,Yellow,2,53.96,9620
ES85 9091 1182 1436 2260 3453,Crimson,classic,classic,panty,Crimson,3,24.52,8636
DK50 5293 8145 7862 93,Fuscia,body art,classic,panty,Fuscia,3,42.39,6132
FO65 8164 7477 0007 18,Aquamarine,body art,classic,panty,Aquamarine,9,59.81,8702
FR35 3643 4300 91F1 QHWI FUE9 E20,Red,body art,classic,panty,Red,4,6.97,5799
MK19 817G FHJJ FZAL M15,Pink,accent,classic,panty,Pink,9,0.02,5348
PS75 BIIT BPGM 1OZV SIRS SFUS BLH6 K,Violet,accent,classic,panty,Violet,4,93.63,6124
FO14 8867 0892 8043 90,Red,body art,classic,panty,Red,4,57.43,2235
GI63 MFCN SMEO XOV6 5U6D RKG,Turquoise,accent,classic,panty,Turquoise,1,10.28,4539
FR87 5538 5909 53ML Y4TZ U8KS Y72,Aquamarine,classic,classic,panty,Aquamarine,7,27.13,9074
CR54 8058 4638 1384 1001 0,Crimson,basic,classic,panty,Crimson,5,16.26,9725
MD06 LO1N FF7S UZJC KAPG T83L,Mauv,accent,classic,panty,Mauv,5,40.86,4468
PT39 1849 9933 6593 9343 9699 6,Blue,accent,classic,panty,Blue,6,40.66,1234
FO61 9270 0562 2697 80,Khaki,body art,classic,panty,Khaki,1,65,9268
PS86 MXQT G7SX W6IZ XBDW XG11 7VF5 S,Puce,accent,classic,panty,Puce,1,82.73,8660
GT95 7WZ9 MVIJ NJVM BV0N NBHD MS3V,Mauv,body art,classic,panty,Mauv,1,22.92,2670
BE44 3381 0278 0849,Khaki,cotton,classic,panty,Khaki,7,13.95,9108
KW36 RJSW TGS6 NZE7 3YMC YVMN FPMS DO,Purple,cotton,classic,panty,Purple,2,43.76,5266
RS18 7151 1848 4867 4124 11,Fuscia,basic,classic,panty,Fuscia,8,48.32,3559
FI87 8396 9679 8809 09,Pink,basic,classic,panty,Pink,2,24.95,7117
LB23 0646 OCHR MJPI TDUN PFHW P4N9,Pink,body art,classic,panty,Pink,6,78.64,6974
ES90 8923 2681 1397 8289 6940,Teal,cotton,classic,panty,Teal,6,15.35,9213
LT48 5925 7025 5356 8512,Mauv,cotton,classic,panty,Mauv,2,73.87,8741
FR76 9468 7848 58YX KFIQ Q7D4 S67,Orange,basic,classic,panty,Orange,5,56.82,4579
DE08 9308 8331 7329 6780 21,Turquoise,accent,classic,panty,Turquoise,7,73.85,1227
SM69 G382 0896 143A Z27T QSHT W3A,Orange,cotton,classic,panty,Orange,2,29.99,6947
IT22 F434 9532 167W L9OZ KAGM YYP,Red,cotton,classic,panty,Red,8,18.45,4980
FR65 2730 7608 42GQ 8LTB WRUQ Z99,Aquamarine,accent,classic,panty,Aquamarine,4,0.82,5922
IT27 J548 6719 536R NCOO CHVT BOU,Fuscia,classic,classic,panty,Fuscia,5,16.83,9166
LT97 5636 8389 3892 1305,Crimson,accent,classic,panty,Crimson,4,17.18,8232
BH40 QTDE F0UR HD5D 53DN 15,Fuscia,accent,classic,panty,Fuscia,2,85.29,7028
RS54 4635 6187 1156 5515 22,Purple,classic,classic,panty,Purple,2,65.03,9602
EE50 4381 9573 9273 7969,Violet,body art,classic,panty,Violet,6,63,6990
FR07 7939 7104 66PQ R44X CDE3 Q68,Green,body art,classic,panty,Green,2,42.21,7665
MR36 8102 6562 8798 8952 4334 457,Blue,body art,classic,panty,Blue,8,15.63,8585
BE91 9404 8475 3974,Indigo,classic,classic,panty,Indigo,6,16.07,1592
IE70 RPII 3030 7766 3938 64,Green,accent,classic,panty,Green,5,4.71,2969
LB45 9134 EYTZ EG0P VATZ ZGVD JFXR,Goldenrod,body art,classic,panty,Goldenrod,1,46.63,7494
LT23 3619 6504 1897 7765,Aquamarine,classic,classic,panty,Aquamarine,3,41.8,3431
CH94 6026 6ALO QMXV 3UMU T,Turquoise,body art,classic,panty,Turquoise,5,32.39,5312
LT79 6138 0294 4493 8925,Teal,cotton,classic,panty,Teal,3,42.28,6918
AT60 9164 9866 9400 5016,Indigo,cotton,classic,panty,Indigo,7,94.19,9022
GR33 9117 160M TNNA HN1E OIZH HHY,Puce,accent,classic,panty,Puce,7,3.6,6201
AE02 3485 6039 5465 2442 598,Aquamarine,cotton,classic,panty,Aquamarine,7,12.45,4979
TN13 9010 2188 4810 0962 4062,Violet,body art,classic,panty,Violet,4,72.86,4938
FR23 0642 3034 40DE IGA6 PZDE 796,Indigo,body art,classic,panty,Indigo,4,1.25,5030
HR50 1528 4011 8096 7095 8,Red,accent,classic,panty,Red,6,65.72,6232
BE97 6474 8766 6456,Red,basic,classic,panty,Red,8,64.52,4153
NO35 4184 1033 218,Crimson,classic,classic,panty,Crimson,1,17.65,5833
AL11 6102 1073 3XOC WAGN DWNF YPNZ,Green,cotton,classic,panty,Green,7,1.77,2873
SA80 17NW Q4KT YYGY S6ZG K704,Aquamarine,basic,classic,panty,Aquamarine,2,57.78,7648
HU19 7094 3659 7710 5111 2334 8857,Orange,cotton,classic,panty,Orange,5,73.45,8114
LB94 6079 A47W KAMG RGIY IAN8 XWQG,Turquoise,basic,classic,panty,Turquoise,4,81.55,9393
VG26 HKTE 5844 7356 5909 4406,Maroon,cotton,classic,panty,Maroon,4,90.6,6571
FO57 6399 1866 0440 68,Mauv,body art,classic,panty,Mauv,7,39.79,7531
BG43 QZLB 8783 827V WREJ 5B,Turquoise,accent,classic,panty,Turquoise,8,72.51,1862
GL47 4308 9309 0160 71,Maroon,classic,classic,panty,Maroon,6,55.17,2832
ME18 2866 2389 8289 1477 59,Crimson,cotton,classic,panty,Crimson,9,19.27,4368
FR33 2372 4627 66QS FJP5 R0T7 833,Fuscia,classic,classic,panty,Fuscia,8,23.64,7831
DK41 4008 6237 1707 20,Fuscia,classic,classic,panty,Fuscia,4,47.79,5290
RO76 QBNZ WLCV 87DX H77T WFHJ,Fuscia,body art,classic,panty,Fuscia,9,66.24,2176
FR51 8194 5380 30UZ WDKR S3EM B77,Purple,accent,classic,panty,Purple,2,86.05,8484
FI64 5711 8103 5026 37,Green,cotton,classic,panty,Green,9,33.9,4046
DO25 KLYN 8820 7055 6359 1806 1648,Violet,body art,classic,panty,Violet,8,78.18,7717
FO33 8308 3454 2646 55,Orange,classic,classic,panty,Orange,1,65.09,1001
BR53 7109 4351 8974 9599 3131 735P C,Violet,accent,classic,panty,Violet,9,42.97,8683
IE88 UAVR 0787 2360 7095 76,Teal,cotton,classic,panty,Teal,5,63.61,6948
FR47 3896 8573 734Y I27C 9TAU T39,Turquoise,basic,classic,panty,Turquoise,6,5.84,9077
TN57 1508 2300 1883 5888 4289,Puce,body art,classic,panty,Puce,2,13.22,8727
FR39 5392 9317 00FL AVIM UL4M 937,Orange,basic,classic,panty,Orange,3,5.1,9364
NL75 WTEL 7070 8953 20,Aquamarine,cotton,classic,panty,Aquamarine,5,16.81,1665
FR10 7452 8021 06UW 4GVB HRMT Q09,Puce,accent,classic,panty,Puce,7,12.71,8123
KZ26 6793 YY7G 0RQL DBDC,Red,classic,classic,panty,Red,2,60.36,5387
FR56 2422 8209 76ZQ BWMA 2H9Q 225,Yellow,body art,classic,panty,Yellow,5,18.93,3027
HU80 5094 5685 2066 7011 4944 2783,Violet,body art,classic,panty,Violet,1,20.48,4757
NO87 3625 4977 076,Violet,body art,classic,panty,Violet,8,54.85,3384
BR51 6665 3481 3128 6764 4195 386M V,Teal,accent,classic,panty,Teal,1,9.31,1052
RO72 MZHR OYDD 8GLO NLTV NCZ7,Khaki,body art,classic,panty,Khaki,6,4.26,3758
FR44 9694 4458 52SF SHCH FFAM 130,Goldenrod,basic,classic,panty,Goldenrod,6,28.63,6102
FR33 1728 6093 13MX 39UQ KIEH E20,Red,body art,classic,panty,Red,1,84.59,5659
EE06 7331 2117 8907 7062,Violet,basic,classic,panty,Violet,2,12.35,7183
MC68 2227 0736 57K9 QBZS BOXW D95,Pink,cotton,classic,panty,Pink,7,54.09,1756
CZ98 3280 0316 5496 0810 5383,Blue,cotton,classic,panty,Blue,1,71.83,1354
LU88 758P SO0N LHGQ 1QOP,Puce,accent,classic,panty,Puce,4,9.96,1453
GB85 AWIR 1673 2272 5022 55,Yellow,cotton,classic,panty,Yellow,4,27.16,8062
AL59 7315 8905 DWDK HEDW 4VSV RJKU,Fuscia,cotton,classic,panty,Fuscia,3,52.89,6919
CY64 4182 6177 ZIXY 08VI BXRN XLTT,Maroon,classic,classic,panty,Maroon,3,0.43,5993
GE10 ZG49 9723 2846 6716 18,Khaki,classic,classic,panty,Khaki,8,22.99,4670
PK81 YXEM XNVO MJCL HTYW JGWL,Indigo,accent,classic,panty,Indigo,8,15.1,9569
FR16 0644 3544 61KN TJBC SSVS W84,Mauv,cotton,classic,panty,Mauv,7,17.73,9160
FR98 8899 0585 96HV STCK 4SCO T43,Turquoise,body art,classic,panty,Turquoise,8,7.99,3182
HR77 1592 7859 9191 2064 7,Blue,classic,classic,panty,Blue,8,8.42,5509
TN34 7550 4088 9461 7738 7495,Puce,basic,classic,panty,Puce,2,53.81,4048
IL24 9207 1567 2143 6928 018,Red,cotton,classic,panty,Red,8,72.86,3513
BH74 DGKQ EKHI VCCT BE7O NF,Maroon,body art,classic,panty,Maroon,4,95.78,4001
FR26 1502 0169 08JG 3OTJ BIK5 342,Puce,accent,classic,panty,Puce,9,80.37,5712
FR34 6749 1202 06O0 6KQM CD1T U44,Yellow,accent,classic,panty,Yellow,9,32.96,9699
ES71 8836 7942 6923 7417 2060,Pink,classic,classic,panty,Pink,8,35.02,6681
FI45 5766 2687 6937 55,Khaki,basic,classic,panty,Khaki,9,16.18,8603
AD37 7174 2372 DTZS NHLD UMJN,Yellow,cotton,classic,panty,Yellow,1,60.04,6799
PL85 5404 4999 4059 5970 7263 0329,Fuscia,classic,classic,panty,Fuscia,3,11.97,2633
MT19 JOEB 4886 2NBW MGJF WXO1 DW1E C0V,Turquoise,cotton,classic,panty,Turquoise,6,5.06,2677
CZ60 7735 5101 0319 1900 3439,Turquoise,body art,classic,panty,Turquoise,7,75.15,8084
RO84 EOVV NX0J 4ND9 6WKB K6ZP,Mauv,classic,classic,panty,Mauv,4,49.86,8098
MC74 6033 2165 51E1 AMEW IV2Y H21,Pink,body art,classic,panty,Pink,1,20.27,2439
KZ78 391N AXKH I5AD 2PGA,Orange,basic,classic,panty,Orange,8,14.59,4378
FR12 4979 9526 07IU APAV MWXS O83,Purple,accent,classic,panty,Purple,4,44.96,6852
SE17 3741 5687 7214 6482 6246,Green,basic,classic,panty,Green,6,72.27,4745
PL97 1731 6233 4235 0541 0900 2211,Turquoise,classic,classic,panty,Turquoise,4,31.47,9824
FR29 0646 9367 30K3 DEQ9 KT6Y D60,Crimson,cotton,classic,panty,Crimson,7,98.37,8396
KW94 ELVP BNGT 9PZU RFFY MZGL HRIJ GI,Puce,basic,classic,panty,Puce,7,91.66,8302
FR25 4357 3014 70AJ B681 TLKS P71,Teal,cotton,classic,panty,Teal,4,9.78,9991
SK93 6125 6075 6209 9573 9757,Mauv,classic,classic,panty,Mauv,9,63.91,2388
ES85 2055 2635 7968 2774 9954,Crimson,classic,classic,panty,Crimson,9,79.27,6300
AD72 4206 6606 F09K CCQ8 ZULD,Orange,accent,classic,panty,Orange,4,15.59,6524
FR36 1526 2277 00ZT 8QLG 7XFU U57,Pink,cotton,classic,panty,Pink,9,52.19,2109
ES57 0181 3880 8113 9012 3881,Teal,body art,classic,panty,Teal,4,74.22,6972
IL35 6015 9934 3706 1188 031,Fuscia,cotton,classic,panty,Fuscia,3,55.96,4565
BG97 JJTI 3909 703C AWFU HF,Turquoise,body art,classic,panty,Turquoise,2,77.72,1432
BG03 CTFJ 0055 821C 9DWV OQ,Pink,basic,classic,panty,Pink,4,61.28,4326
RS31 3685 9699 4008 5457 39,Maroon,accent,classic,panty,Maroon,5,21.56,7326
FR05 8704 2136 99LQ 3RWJ FOT4 I83,Green,classic,classic,panty,Green,9,96.96,1807
BR74 8217 7923 7020 1294 7215 565C 9,Turquoise,body art,classic,panty,Turquoise,6,74.76,6250
AZ16 ODJF IK9C EHSV YCVO OV38 IM08,Mauv,cotton,classic,panty,Mauv,9,7.89,9601
DE76 0480 1977 6860 0800 38,Teal,cotton,classic,panty,Teal,5,26.62,5063
CZ27 1816 1132 8960 1225 3655,Red,cotton,classic,panty,Red,9,66.55,8456
SK12 2937 0237 0647 3026 6169,Fuscia,basic,classic,panty,Fuscia,5,39.06,4291
MR33 7955 0932 1723 1522 5545 144,Crimson,accent,classic,panty,Crimson,4,91.29,6912
AZ04 RDIR LFJ9 DAFV 72JO QORK NSOK,Khaki,classic,classic,panty,Khaki,5,36.78,8301
PT58 9773 7443 4306 3641 4688 8,Turquoise,basic,classic,panty,Turquoise,6,84.96,4621
AD50 1317 6487 CHSV Z5MU U4SB,Mauv,classic,classic,panty,Mauv,8,88.86,7585
SM13 V899 7299 332M LLN8 UOCF A7L,Pink,cotton,classic,panty,Pink,9,30.43,1176
BH64 SFIQ 08T7 U84S P7WZ ET,Crimson,body art,classic,panty,Crimson,9,67.39,6802
BR40 5042 2758 4292 7881 2482 759X 9,Green,classic,classic,panty,Green,4,66.67,8017
FR46 6228 8844 63JT XSDR MZI9 F46,Yellow,accent,classic,panty,Yellow,8,48.58,9271
LB71 5207 DGUR TRQM IGG6 IP1W WHC6,Maroon,basic,classic,panty,Maroon,5,99.22,2541
IT98 O424 1695 646C LET2 KVNG EGM,Crimson,body art,classic,panty,Crimson,4,35.73,7329
SI15 0936 1194 3894 052,Red,cotton,classic,panty,Red,3,21.65,2182
SE71 4966 1851 5573 7060 9059,Yellow,accent,classic,panty,Yellow,5,31.59,2902
GB38 LOBI 0377 2657 3695 29,Yellow,accent,classic,panty,Yellow,9,20.02,5152
MC23 0661 8397 60FW OLP7 KA8E C30,Khaki,cotton,classic,panty,Khaki,7,92.05,4328
IE64 CXEF 9577 4115 2449 95,Crimson,body art,classic,panty,Crimson,1,17.69,7973
TR33 4818 6B5A EINK VYHE TKBI KC,Indigo,accent,classic,panty,Indigo,3,43.31,8243
SK31 5484 3415 4441 1547 1551,Green,accent,classic,panty,Green,5,9.6,9382
RS81 5269 6681 5553 3980 80,Fuscia,classic,classic,panty,Fuscia,8,1.2,8654
FR95 2849 6785 86KA BOOT M5NH 910,Goldenrod,basic,classic,panty,Goldenrod,4,62.87,4987
FR85 1746 2404 10UO ILKF AHAY Z63,Maroon,cotton,classic,panty,Maroon,1,87.72,4778
SK83 0150 0151 9191 6135 5043,Puce,basic,classic,panty,Puce,7,94.56,6109
FR07 9407 4257 598U HLWC GBVY Z49,Teal,basic,classic,panty,Teal,2,3.74,8852
GR38 6757 031X XLCQ ZVMY P4N2 GQS,Fuscia,body art,classic,panty,Fuscia,2,85.89,2925
RS76 6245 8214 4881 4223 59,Fuscia,classic,classic,panty,Fuscia,3,13.23,2346
RS36 8539 4234 3166 0925 48,Red,cotton,classic,panty,Red,7,18.93,5439
PS96 XGHD EKJV YALH HTRC 4X8N VPY4 0,Fuscia,cotton,classic,panty,Fuscia,9,25.78,5483
IS15 0742 1766 3591 4725 9792 93,Orange,cotton,classic,panty,Orange,7,91,8610
NL33 TALW 0489 4013 72,Fuscia,basic,classic,panty,Fuscia,8,30.94,4482
RO51 IWTD 7AL2 FIXD 8NJM MNJX,Khaki,body art,classic,panty,Khaki,7,31.55,2333
FR60 3061 0874 92NY R1HX MEOD X11,Aquamarine,body art,classic,panty,Aquamarine,2,34.45,2051
TN29 0924 6596 0720 9669 5879,Orange,basic,classic,panty,Orange,6,39.74,6637
EE69 6123 2230 6066 6599,Teal,basic,classic,panty,Teal,3,8.59,6916
FR48 3203 5661 38SY MM2M F19M C40,Orange,classic,classic,panty,Orange,1,92.52,6228
MU61 BSEQ 7321 6696 9871 5063 491Q WQ,Khaki,accent,classic,panty,Khaki,2,71.03,5911
KZ71 151Z WTA5 UYWU J9ZS,Pink,cotton,classic,panty,Pink,9,82.37,8465
FR81 1032 2763 23SX CRD3 R0KX M93,Mauv,classic,classic,panty,Mauv,1,30.49,8719
KW54 QVNJ XWDD QPSI YFIN PTYO 6TUG ZD,Teal,body art,classic,panty,Teal,2,3.21,8596
AL70 7270 5034 KHQU ICPJ FZGE DSG8,Aquamarine,cotton,classic,panty,Aquamarine,5,16.83,2412
KZ62 577K XMIQ NXKF JR8X,Goldenrod,basic,classic,panty,Goldenrod,4,62.73,7816
SM30 X662 7392 673M HSES RVT9 OOP,Pink,accent,classic,panty,Pink,6,8.32,2591
PS81 BNMM NXZG BH5H QIHC Z9AP YEGN A,Blue,cotton,classic,panty,Blue,5,17.7,8363
LV74 MJRR YEMQ TOI7 ZOFU N,Turquoise,body art,classic,panty,Turquoise,8,0.61,9892
GI90 BWMD PHR5 NFDG SP7Z U1R,Maroon,body art,classic,panty,Maroon,1,32.28,2089
LI32 6323 8GLC GLR8 XHPR R,Aquamarine,basic,classic,panty,Aquamarine,5,42.36,3596
AE89 5171 7784 3256 2720 261,Mauv,accent,classic,panty,Mauv,4,16.42,2101
LB48 4701 VVYI PRQR G6IZ JDTD 1I8C,Fuscia,basic,classic,panty,Fuscia,3,48.61,1001
GB33 ZOKT 2538 4350 2472 84,Yellow,cotton,classic,panty,Yellow,9,87.28,1380
AD43 0287 4197 L0OT 7K3X GX1K,Yellow,classic,classic,panty,Yellow,8,63.63,8953
CY65 3846 3828 63LR KX1O SE4N FGZI,Crimson,accent,classic,panty,Crimson,9,66.76,4097
LT17 6646 8927 2200 6636,Crimson,accent,classic,panty,Crimson,9,39.63,4866
PL87 5520 1909 6489 3377 9019 1703,Maroon,classic,classic,panty,Maroon,2,42.82,8457
MD81 CCOD TO5J WJUJ GV0Y R6SQ,Turquoise,cotton,classic,panty,Turquoise,3,55.06,5700
FR53 5168 8031 00JE ZDIV W2JV S54,Khaki,basic,classic,panty,Khaki,8,24.85,2666
AE40 3204 5859 8183 7894 776,Khaki,cotton,classic,panty,Khaki,6,19.83,1797
RS55 8687 7514 6016 1772 68,Red,classic,classic,panty,Red,2,42.85,7794
GB59 VYZC 6666 7563 4087 98,Fuscia,basic,classic,panty,Fuscia,1,13.84,4779
FR94 7851 8654 90KU FYJH ZETQ A08,Turquoise,accent,classic,panty,Turquoise,9,2.34,3012
HR67 3888 1033 3896 5889 5,Aquamarine,cotton,classic,panty,Aquamarine,8,33.37,7354
LI61 5997 8X0A XJMF EJJF H,Orange,classic,classic,panty,Orange,9,65.34,4692
CH17 6787 9EOS IIP0 O0KS L,Fuscia,body art,classic,panty,Fuscia,9,64.27,9387
LU14 827B ANWR QYKZ HNAQ,Maroon,basic,classic,panty,Maroon,7,21.38,2454
ME43 6070 6921 6455 1493 94,Blue,basic,classic,panty,Blue,9,9.38,5669
KW18 PDIB OFLN HLOX JYVD 2UBY OK0Z YU,Violet,cotton,classic,panty,Violet,6,52.94,8560
SM16 I874 3899 158M KFZD HA0P DQT,Teal,basic,classic,panty,Teal,5,84.57,8515
LT34 0660 4186 5794 4592,Crimson,classic,classic,panty,Crimson,6,68.97,3947
FR48 9133 7768 50XT SROS XJ0T B09,Turquoise,basic,classic,panty,Turquoise,6,32.62,5523
ME92 6724 9734 1445 3787 12,Puce,basic,classic,panty,Puce,4,54.71,9958
KW59 FWRG JJNV ZU5M 0NOJ 0YUH BALY RZ,Crimson,classic,classic,panty,Crimson,7,97.04,9030
AL11 6213 4354 VFWB QGXT 83JB N1LK,Blue,body art,classic,panty,Blue,1,4,2463
DK56 5190 0009 8048 76,Crimson,basic,classic,panty,Crimson,6,98.73,9069
FR85 1601 4666 15WM 6RE1 7NDM O82,Orange,classic,classic,panty,Orange,7,87.84,4261
LV46 JSCV RP4F L9OO JG9P T,Yellow,classic,classic,panty,Yellow,6,92.76,8236
PS16 TJAI CTPK GMEH TW6B UM4O PYYY 4,Purple,cotton,classic,panty,Purple,1,25.14,6741
FO18 5315 4150 4641 82,Orange,body art,classic,panty,Orange,7,9.61,2840
FR39 2455 9158 01RY NHAX TNSL F94,Green,cotton,classic,panty,Green,4,43.03,1977
SI66 7389 3762 5386 093,Orange,cotton,classic,panty,Orange,3,22.32,6190
NO37 6510 0126 384,Red,classic,classic,panty,Red,5,71.81,1495
BG55 UWIM 2180 99T5 QXQC YX,Crimson,accent,classic,panty,Crimson,8,18.14,7240
IE98 QLBX 5917 5580 8246 02,Mauv,body art,classic,panty,Mauv,1,67.58,1604
SE33 2702 3838 7767 5445 6601,Goldenrod,basic,classic,panty,Goldenrod,2,28.05,1647
AL55 6519 3773 M3YM LXEX QYY7 NZDE,Orange,accent,classic,panty,Orange,9,11.19,9702
RO62 LPUO UJON WITQ 5HHD AKMJ,Fuscia,basic,classic,panty,Fuscia,3,15.17,9973
LU10 268Q 7O7D U4GU UEGC,Goldenrod,body art,classic,panty,Goldenrod,5,92.36,1635
BA76 1073 0183 0390 2042,Goldenrod,basic,classic,panty,Goldenrod,9,83.19,4988
AE30 7383 1432 5670 0521 058,Puce,basic,classic,panty,Puce,3,31.72,3265
LT63 0639 4914 9557 3368,Crimson,body art,classic,panty,Crimson,1,96.74,6986
MR32 0092 9952 9763 6001 4434 198,Teal,cotton,classic,panty,Teal,7,10.96,2885
FR08 4841 7580 19O9 1IIA ZS5O I41,Puce,body art,classic,panty,Puce,2,49.51,1083
CH10 2865 5V3Q BYZX J2GU 3,Indigo,body art,classic,panty,Indigo,4,42.39,1681
CZ24 3856 3220 9352 6722 6175,Orange,basic,classic,panty,Orange,8,46.1,1119
MC66 1928 1851 58FQ PES1 IKXQ J65,Puce,classic,classic,panty,Puce,3,36.75,3415
MT95 EYHM 5645 5WL3 JLAB TYT8 QE4V EF8,Orange,accent,classic,panty,Orange,1,92.25,1846
AE63 4860 7198 8960 3042 029,Goldenrod,classic,classic,panty,Goldenrod,5,47.37,4254
FR51 3369 3590 67B3 KBU3 VQTL Y15,Mauv,accent,classic,panty,Mauv,9,85.05,1702
ES65 2355 1812 7685 6104 8745,Violet,accent,classic,panty,Violet,4,30.24,3290
BH26 YFRD A5KH IDLQ H4KR FX,Purple,accent,classic,panty,Purple,4,97.83,6257
MT85 BDWC 6178 8TKG XC67 3UID TGBZ ITX,Fuscia,accent,classic,panty,Fuscia,2,44.26,1654
GT64 CUMM MTSA AZWN NH2E ZPRU SB1J,Red,body art,classic,panty,Red,1,11.81,3124
LT17 0938 4831 4367 9602,Puce,classic,classic,panty,Puce,8,63.57,1351
SM46 G032 5474 648F OKM4 Y3RX 0GU,Violet,basic,classic,panty,Violet,4,82.4,7300
HU49 9537 8797 8565 9374 2444 9056,Teal,basic,classic,panty,Teal,3,30.98,8393
IT12 H884 8183 976P SR6Y S42E XST,Violet,basic,classic,panty,Violet,1,65.1,5999
GR88 2290 051B WOGO K5WW WXEP ECL,Khaki,classic,classic,panty,Khaki,5,44.79,3407
KW40 YTKN 42UC JQBH RIV8 MMC5 V038 RK,Aquamarine,classic,classic,panty,Aquamarine,7,14.01,3789
FR78 9176 8928 11RM QFY6 X8E3 B22,Goldenrod,basic,classic,panty,Goldenrod,8,88.93,2346
TR29 8970 79N8 OV1K GLUO FIXN SD,Purple,cotton,classic,panty,Purple,1,56.33,6038
AL94 7103 7940 J8IX VUN2 ZAXD MYX3,Goldenrod,basic,classic,panty,Goldenrod,7,26,5674
ES97 5434 1379 1563 5508 1928,Violet,body art,classic,panty,Violet,7,44.03,6403
MD82 SR2M VJ9P TCJR Q9A6 3CJR,Goldenrod,basic,classic,panty,Goldenrod,4,90.34,7939
IS31 3857 1440 3744 3943 4771 67,Aquamarine,cotton,classic,panty,Aquamarine,6,39.9,5627
FR69 6086 6114 362K BYHW FJKP Q68,Blue,classic,classic,panty,Blue,3,91.82,8097
LI07 4652 2OEC 80DW T2WR H,Yellow,basic,classic,panty,Yellow,3,39.49,4610
FR75 9847 4345 01LO F1RU 0R3X M02,Purple,cotton,classic,panty,Purple,5,54.07,9647
AE61 8474 5178 9280 4338 936,Yellow,accent,classic,panty,Yellow,6,61.82,1558
TN13 5386 8439 1445 2447 8075,Maroon,accent,classic,panty,Maroon,3,93.16,2770
SM40 U736 1885 704N RNRA I12R DH9,Turquoise,body art,classic,panty,Turquoise,3,92.32,2421
MT08 LJJR 9406 4JPP PXM5 QSKG SFDB AZG,Khaki,classic,classic,panty,Khaki,7,10.83,2013
MD13 2MPR RLDU STQS 3UDW XEUD,Purple,basic,classic,panty,Purple,6,40.9,3708
SE55 0714 0802 6507 5430 3798,Yellow,body art,classic,panty,Yellow,1,31.48,2836
MU03 WIOV 4130 3138 7203 5141 125U GA,Puce,basic,classic,panty,Puce,7,25.08,5731
FR28 4220 7597 255M TVP2 QT6F W94,Violet,accent,classic,panty,Violet,6,70.35,4953
FR52 1557 1284 84LO IQZF 8YBD U98,Pink,cotton,classic,panty,Pink,7,62.9,5089
PK51 IKXC CTBT VPVY KRZ6 NHWL,Goldenrod,basic,classic,panty,Goldenrod,7,20.81,5064
GB48 FQJF 2759 4243 3761 84,Fuscia,body art,classic,panty,Fuscia,6,85.81,3453
LU24 980A NVFJ RKOO MQUH,Pink,basic,classic,panty,Pink,8,12.3,2933
ME39 9117 6596 0137 4575 32,Maroon,body art,classic,panty,Maroon,7,51.33,2025
FI82 6337 9624 0119 20,Goldenrod,cotton,classic,panty,Goldenrod,5,76.15,4319
RS29 6202 5425 2200 7385 16,Red,accent,classic,panty,Red,2,89.09,7305
CH10 5303 5TVA UMCS UK4J U,Maroon,basic,classic,panty,Maroon,8,45.52,9652
HU45 9542 2895 1754 5984 6614 2182,Goldenrod,basic,classic,panty,Goldenrod,2,31.73,5717
MK39 209Y F1JQ JDAL 159,Green,cotton,classic,panty,Green,8,78.4,2767
PL70 1825 7406 4015 8749 9264 3547,Mauv,basic,classic,panty,Mauv,8,99.92,1693
FR40 3781 4129 43DF YXJK OIVF 368,Maroon,cotton,classic,panty,Maroon,6,80.41,2683
IL66 0896 0458 7363 5977 815,Red,accent,classic,panty,Red,8,38.41,3493
ME82 6260 1181 8035 2930 26,Maroon,body art,classic,panty,Maroon,5,88.06,4675
KW40 JVUG HKLP NA5H WKQV O0IQ YKVL MS,Purple,classic,classic,panty,Purple,5,64.42,3305
DE98 9220 7411 0370 2133 10,Khaki,accent,classic,panty,Khaki,2,4.79,4785
LV34 BCXB LIQJ YHZV OAY3 N,Fuscia,body art,classic,panty,Fuscia,6,65.56,2494
FR07 7454 0465 19W4 NLKL QIE9 L34,Fuscia,accent,classic,panty,Fuscia,4,43.77,8154
CZ78 0327 4842 5636 9271 7251,Crimson,basic,classic,panty,Crimson,5,41.42,8026
FR61 9093 1631 329N IHAN 1GC1 Y62,Pink,accent,classic,panty,Pink,5,19.45,2664
SK02 7648 7720 0756 1956 1876,Aquamarine,classic,classic,panty,Aquamarine,5,71.06,8690
FR29 3584 4733 07QJ XBNR 4ZWY Y89,Green,classic,classic,panty,Green,6,67.19,3974
AT86 0543 0509 3119 1848,Orange,basic,classic,panty,Orange,5,33.97,9281
GE30 BK77 2940 4494 4230 26,Khaki,basic,classic,panty,Khaki,5,78.91,7788
GE90 AR35 9231 2940 7263 34,Khaki,body art,classic,panty,Khaki,9,21.53,4091
MT54 WWVK 6372 0JAW 2BBS PZZQ LCRI XXL,Red,classic,classic,panty,Red,3,26.62,9414
FR25 7391 8150 03XP ARAQ DZIC R47,Crimson,classic,classic,panty,Crimson,2,52.76,4193
MD62 5RWM F2ID XY4K QMML IX2M,Pink,accent,classic,panty,Pink,6,55.83,5034
LB54 5698 XOEM OBWP XC2U 9WRW CZEQ,Purple,basic,classic,panty,Purple,2,6.2,2563
BE72 0944 4594 3892,Turquoise,basic,classic,panty,Turquoise,7,21.61,4525
GE79 VB92 9522 2655 9956 24,Red,classic,classic,panty,Red,8,54.37,4756
MC77 5538 9445 80BY OKQ8 AYLR N56,Teal,body art,classic,panty,Teal,9,45.48,5421
AZ04 GYXU YJPI 3RFV XIXK L3YA YKSL,Fuscia,accent,classic,panty,Fuscia,2,41.29,6560
SI22 6024 6013 0448 682,Crimson,accent,classic,panty,Crimson,7,18.41,6360
CZ58 0464 6443 1777 5446 5238,Goldenrod,accent,classic,panty,Goldenrod,8,61.2,7955
FO61 8366 4229 9309 27,Blue,cotton,classic,panty,Blue,2,8.24,6984
LI54 9992 8T1W VXDV MAE2 6,Pink,accent,classic,panty,Pink,9,13.81,8873
LI13 5673 7RTZ BL4M 4VQY P,Blue,body art,classic,panty,Blue,3,78.09,3857
FR11 1284 3599 83JA RDOA WMOL P80,Red,basic,classic,panty,Red,7,46.08,7728
ES05 4538 0360 6659 2387 2722,Goldenrod,basic,classic,panty,Goldenrod,6,43.18,6304
SE47 5019 4271 1800 7125 0210,Purple,classic,classic,panty,Purple,3,41.09,7534
GR58 6774 399V YWWR BUXC GLPT KKI,Pink,body art,classic,panty,Pink,4,30.08,3143
IL61 1919 2428 5450 2380 632,Indigo,body art,classic,panty,Indigo,7,57.76,5240
BR21 1585 5368 9188 7514 6375 223H J,Blue,basic,classic,panty,Blue,2,96.8,2451
TR85 3041 75WS IOFT KCA7 V8OP IP,Crimson,body art,classic,panty,Crimson,8,94.07,7216
FR98 3939 8297 03ID WNJG FOTM S55,Goldenrod,body art,classic,panty,Goldenrod,9,62.19,3313
PK10 EVPL IWU2 8KGW AJR5 2YYF,Yellow,body art,classic,panty,Yellow,9,56.18,7416
FR79 1655 3256 87FW LVGB L45K T11,Blue,accent,classic,panty,Blue,5,42.87,5695
BG66 DJTK 2529 04KU AM3O O1,Indigo,body art,classic,panty,Indigo,8,60.46,5204
CZ58 6891 2619 1330 0176 8477,Violet,accent,classic,panty,Violet,6,10.34,6017
LT68 2571 3483 8635 0429,Puce,body art,classic,panty,Puce,9,39.62,9866
SM45 S081 0072 659M BSO7 VDXV 3XP,Mauv,classic,classic,panty,Mauv,2,11.7,7763
PK41 NEBF D0NJ YJ5Y GVCF QHB0,Purple,body art,classic,panty,Purple,7,36.66,7715
LB86 0459 5ZKX IFA0 QVIR AWNC I1LI,Indigo,body art,classic,panty,Indigo,7,66.79,2720
GI25 OYLY AN9N AHMS O1AM RSX,Puce,cotton,classic,panty,Puce,8,46.86,4522
SE88 0503 8351 9679 1876 3747,Maroon,accent,classic,panty,Maroon,3,84.18,8086
FR70 5830 4556 88QP WFBT N2I9 G86,Indigo,classic,classic,panty,Indigo,8,5.22,5260
LB10 7385 GSLB AOHF EJG8 FUKS VAOY,Green,body art,classic,panty,Green,4,83.54,3265
NO52 1980 7887 305,Maroon,cotton,classic,panty,Maroon,3,55.61,5439
FR17 8013 3148 82JP A26Z HMWU H17,Puce,accent,classic,panty,Puce,3,68.38,5575
TR62 6883 3MD9 SZO4 VONR DPHR IE,Red,cotton,classic,panty,Red,7,49.13,4611
AT26 3112 1086 9821 3715,Turquoise,body art,classic,panty,Turquoise,2,56.46,6035
GB13 XZEF 9305 7185 7024 18,Aquamarine,basic,classic,panty,Aquamarine,9,6.75,1638
PK97 BRIG MTBV O6J9 2SUI TXMA,Pink,classic,classic,panty,Pink,3,25.68,5142
FR24 3865 5832 910U 3LJL QIII T89,Purple,basic,classic,panty,Purple,5,33.63,5517
DK53 9820 4459 8466 86,Goldenrod,accent,classic,panty,Goldenrod,9,46.12,6957
TN51 7756 9452 2874 6976 2685,Indigo,basic,classic,panty,Indigo,3,41.37,8657
MC20 2356 4405 92OC KSR8 Y6G8 Z38,Indigo,classic,classic,panty,Indigo,7,52.71,1308
FR30 6364 9548 76ZW BRV0 SDNT S63,Maroon,basic,classic,panty,Maroon,4,23.42,2983
FR32 4809 5546 66JN AN1A SPRM E38,Aquamarine,body art,classic,panty,Aquamarine,8,10.62,8842
GI24 QPMM 472I VOLT EAZP HKV,Puce,basic,classic,panty,Puce,2,56.52,8077
GL66 6113 1248 7190 74,Indigo,cotton,classic,panty,Indigo,4,47.75,6022
PL19 6739 1007 5515 9753 8758 4104,Puce,cotton,classic,panty,Puce,8,61.27,7583
BR18 4931 3482 8191 3071 2464 463E N,Khaki,classic,classic,panty,Khaki,4,42.09,1433
CZ45 0899 7728 4760 6831 8006,Maroon,cotton,classic,panty,Maroon,5,50.02,7387
CH98 9325 1KII V9FC GIYA L,Pink,cotton,classic,panty,Pink,9,91.61,8837
ME98 6913 0089 1318 2412 81,Indigo,body art,classic,panty,Indigo,3,76.5,8797
MC69 8550 0648 93GS II0A Z5PL S71,Indigo,accent,classic,panty,Indigo,4,26.92,9880
CZ72 1032 6780 0703 8709 1623,Yellow,cotton,classic,panty,Yellow,1,70.98,1679
AZ21 ZERZ EJX4 YU8L PYFR VLWT HBRP,Crimson,accent,classic,panty,Crimson,9,34.74,4359
FR12 5158 9391 95NG WQ25 SU6U Z66,Red,body art,classic,panty,Red,4,9.29,9623
FR69 9550 9776 61SS SVIN 4ULD G03,Blue,body art,classic,panty,Blue,3,36.92,5812
LT50 4716 4183 4259 1123,Mauv,accent,classic,panty,Mauv,8,54.61,7553
SK20 2234 4849 6497 1876 5217,Goldenrod,body art,classic,panty,Goldenrod,9,41.41,1542
NL23 UYTK 5707 6840 89,Red,basic,classic,panty,Red,1,56.89,6114
MU24 XCBY 8446 6714 2084 6233 334E LG,Pink,classic,classic,panty,Pink,7,96.17,1354
DE16 6764 2932 2122 3719 12,Puce,body art,classic,panty,Puce,9,5.25,3005
NO02 2431 2373 429,Yellow,basic,classic,panty,Yellow,3,9.13,2655
RO56 SYVW 38PR R6MU K46A T1KQ,Mauv,classic,classic,panty,Mauv,7,62,5301
GB44 BISY 6394 4269 6667 46,Green,accent,classic,panty,Green,9,51.78,7602
FR06 4892 0099 29V7 UWC3 OANB V28,Violet,cotton,classic,panty,Violet,6,8.09,8121
FI98 2637 9930 4623 81,Puce,basic,classic,panty,Puce,9,24,4143
DO24 U7IS 9012 1458 6547 9630 0795,Aquamarine,basic,classic,panty,Aquamarine,8,74.26,2831
GI48 VIEW FN5Z VOWI T7KO RBJ,Turquoise,cotton,classic,panty,Turquoise,1,14.66,9436
DE52 8792 0426 3026 0710 69,Mauv,accent,classic,panty,Mauv,6,60.59,5753
AT25 1702 6097 6142 2347,Puce,basic,classic,panty,Puce,6,32.72,8600
CZ27 9311 6195 5682 2647 9373,Turquoise,body art,classic,panty,Turquoise,8,47.67,2250
FR30 2121 8867 594I 3KPE DIV0 551,Khaki,cotton,classic,panty,Khaki,8,2.65,5254
FR94 1195 1230 77GH ZHRG A0SF E55,Aquamarine,body art,classic,panty,Aquamarine,4,75.88,2955
AE77 9330 4877 3353 7692 640,Aquamarine,body art,classic,panty,Aquamarine,9,69.69,5304
FO22 1351 0387 9007 91,Teal,body art,classic,panty,Teal,4,46.25,7754
FR27 9456 4907 88RM WQRL BUW6 Z34,Green,classic,classic,panty,Green,5,75.05,8221
FR33 2594 2457 051G 0BQF 8JZT G59,Aquamarine,classic,classic,panty,Aquamarine,4,94.97,2384
GI27 GNIJ NY13 0W7A IQWK EQR,Yellow,classic,classic,panty,Yellow,5,40.61,7896
MD29 KJLH MMNN YRPA V139 AELE,Goldenrod,classic,classic,panty,Goldenrod,1,94.06,4297
FO56 9720 2759 5765 01,Orange,basic,classic,panty,Orange,9,34.74,5679
FR15 3694 2907 45RS ANWZ 28I6 V83,Indigo,body art,classic,panty,Indigo,7,14.06,1188
BH63 IVBK DYPS JFR6 W9IS X9,Crimson,basic,classic,panty,Crimson,4,10.42,6041
FR23 2319 0170 852C SVNF EFBW 923,Aquamarine,accent,classic,panty,Aquamarine,4,37.18,5170
MU79 FWPS 4155 6472 1220 7387 881F PC,Goldenrod,classic,classic,panty,Goldenrod,1,49.18,4756
PL17 0010 4763 1667 8232 8362 6440,Green,basic,classic,panty,Green,5,61.78,3619
RO02 CZQF 5QVD OVDH UVPM UJLL,Red,classic,classic,panty,Red,2,7.27,9379
CY98 7294 8701 DGFP VVWL GVU0 QNBK,Blue,body art,classic,panty,Blue,9,50.94,4418
PT14 7310 3746 9710 2889 8232 2,Khaki,body art,classic,panty,Khaki,5,75.11,1717
MD21 HNMQ ZH67 R3EC 5XEN PSAI,Red,basic,classic,panty,Red,2,68.56,9883
SA57 6343 ERYG R2MC XFAP PUBV,Pink,classic,classic,panty,Pink,1,99.03,9487
FR74 5245 9568 90ML ZLWC O75X P53,Aquamarine,classic,classic,panty,Aquamarine,3,4.51,1609
DK68 1679 0341 2370 34,Pink,accent,classic,panty,Pink,7,88.5,2736
AL92 7681 1180 FD8Q BLTJ T2LI OOK5,Puce,body art,classic,panty,Puce,4,43.37,9158
GT85 FGFH DMUR IUP4 N2ZO IR6K GNKR,Yellow,basic,classic,panty,Yellow,8,60.12,3499
GT64 JIHI 8VGY 8EUE 1LOD J65Y E5EU,Orange,body art,classic,panty,Orange,7,52.02,5581
CH72 1171 28EF ZUJO 1LWZ 1,Goldenrod,cotton,classic,panty,Goldenrod,5,57.99,5540
SE77 1257 1906 6599 3502 5722,Crimson,body art,classic,panty,Crimson,2,3.76,3029
FR13 5148 6888 73MT WUSM CMLX R92,Crimson,basic,classic,panty,Crimson,6,55.86,4855
GL77 1528 4623 3211 47,Yellow,classic,classic,panty,Yellow,1,15.45,7187
FR93 3478 9520 71R8 LORB WWDW 977,Khaki,cotton,classic,panty,Khaki,5,27.63,7213
BG46 VIYE 8582 44A3 FF8T CJ,Fuscia,classic,classic,panty,Fuscia,7,74.14,4069
PK87 KJLD NZ9G WZAN SEAH TQAC,Goldenrod,accent,classic,panty,Goldenrod,6,69.84,1677
LT70 8551 1614 5382 5152,Maroon,cotton,classic,panty,Maroon,5,73.69,2761
SK42 0608 9420 8918 5356 2548,Yellow,accent,classic,panty,Yellow,4,70.52,7427
IT69 C353 9044 301S UAAB 0834 VX2,Indigo,body art,classic,panty,Indigo,1,7.29,3503
BG92 HMNJ 1732 36K4 MXWS FC,Orange,classic,classic,panty,Orange,2,49.61,3981
GR12 2778 923Z L7IJ AIVB OUD1 KLB,Indigo,body art,classic,panty,Indigo,9,88.17,2834
LI59 1771 5ALZ VW7Z BOIU J,Green,body art,classic,panty,Green,5,98.38,7145
FR54 7804 3767 37KM ZO2W T6O6 931,Orange,accent,classic,panty,Orange,8,72.81,3876
AT53 6005 7045 5621 2684,Aquamarine,basic,classic,panty,Aquamarine,9,7.25,9064
IE16 EBTQ 6604 3792 6772 00,Crimson,basic,classic,panty,Crimson,7,87.78,5638
KZ87 618H 1TSP JYCW U8SY,Teal,body art,classic,panty,Teal,8,91.75,5042
MU02 LRVH 9394 6318 5094 2126 061A JX,Teal,body art,classic,panty,Teal,4,10.13,8016
AL98 2818 3685 DC8I C9SQ V229 JXWM,Violet,basic,classic,panty,Violet,9,52.82,8688
ME90 1448 7523 8191 2778 59,Violet,classic,classic,panty,Violet,2,17.18,3294
MR60 1386 7687 0598 2013 9062 343,Purple,accent,classic,panty,Purple,9,15.21,6955
MK97 795I M6ZE H1PK P13,Khaki,body art,classic,panty,Khaki,9,99.37,7947
GE20 MO73 4117 8306 1150 27,Maroon,basic,classic,panty,Maroon,2,91.81,9015
RS02 8773 4315 3424 6744 24,Fuscia,basic,classic,panty,Fuscia,8,81.9,6652
MD77 QVH6 OLRB 53AT UFGA 11HR,Green,cotton,classic,panty,Green,7,6.76,8002
AE29 5466 1485 0803 9479 600,Orange,accent,classic,panty,Orange,4,13.18,1655
FR12 9077 6033 05IO 5A4B CQYS 885,Violet,basic,classic,panty,Violet,7,46.69,4734
CR16 5135 1637 1215 8147 6,Crimson,cotton,classic,panty,Crimson,7,46.93,1322
SK08 7968 1031 0429 1640 8731,Violet,basic,classic,panty,Violet,7,81.21,8521
MC66 3720 5808 17YW VB2W Z8NZ 040,Green,classic,classic,panty,Green,2,6.2,1478
GT55 ZMJF 14TI FBAD CURG Y5AM FKJF,Maroon,accent,classic,panty,Maroon,4,3.86,4567
AL83 7566 9979 QCJP RHOL N9IX M4MW,Fuscia,accent,classic,panty,Fuscia,7,97.83,4828
NO59 9314 0386 147,Violet,cotton,classic,panty,Violet,5,50.11,5266
CR94 7934 6390 1183 2806 6,Aquamarine,classic,classic,panty,Aquamarine,8,57.9,9842
BR08 0417 7104 4907 8658 8366 763V 9,Purple,cotton,classic,panty,Purple,2,97.05,5152
FR09 8352 8541 01ZL R4QP OTOP I11,Crimson,accent,classic,panty,Crimson,6,78.01,5039
FR27 4721 8448 00DV Y1HU 176X B72,Red,accent,classic,panty,Red,8,62.05,6447
BE48 5903 6334 6704,Blue,classic,classic,panty,Blue,6,45.25,6879
FI46 3125 1072 5280 27,Pink,classic,classic,panty,Pink,9,10.12,2530
BR55 6564 2417 6403 1989 1378 465F I,Turquoise,cotton,classic,panty,Turquoise,4,5.54,3572
FO02 7287 9434 6430 50,Crimson,classic,classic,panty,Crimson,8,94.31,3607
BR69 1270 8380 0078 7949 9929 816N Y,Fuscia,accent,classic,panty,Fuscia,7,18.95,1949
GL21 8871 6930 4543 17,Pink,basic,classic,panty,Pink,8,25.57,4913
FI58 6796 0748 8277 12,Khaki,accent,classic,panty,Khaki,3,62.2,4889
TN15 2565 3193 1080 4698 5825,Fuscia,classic,classic,panty,Fuscia,3,58.16,6831
AD22 0873 4149 CFZF VIML VPZJ,Purple,cotton,classic,panty,Purple,4,1.8,3260
HU92 7929 1287 9264 3575 1999 9038,Khaki,body art,classic,panty,Khaki,5,35.5,2865
NL79 JCTP 2442 1690 14,Goldenrod,body art,classic,panty,Goldenrod,7,12.98,6590
SI49 2218 8630 3994 104,Mauv,body art,classic,panty,Mauv,9,98.93,3418
PT62 4592 1899 6385 3192 1809 1,Aquamarine,basic,classic,panty,Aquamarine,1,98.03,1455
LT39 3306 1571 9114 0981,Yellow,cotton,classic,panty,Yellow,7,9.28,9580
AD60 7558 1715 EFYZ UZNS EH52,Maroon,basic,classic,panty,Maroon,3,25.67,1058
AT16 5925 0284 1478 8047,Purple,cotton,classic,panty,Purple,9,6.78,3731
GT18 TV1X J4RB TMXG E6D6 F3AQ 1FYL,Puce,basic,classic,panty,Puce,9,19.84,6338
BA58 6593 3683 6068 2282,Aquamarine,body art,classic,panty,Aquamarine,1,80.91,2474
BE55 6626 5500 2469,Crimson,classic,classic,panty,Crimson,1,65.02,3742
MC49 8444 8621 91JT LW4M LZOK 378,Yellow,body art,classic,panty,Yellow,3,44.58,2994
PL76 7032 5836 5765 4275 9298 0882,Crimson,body art,classic,panty,Crimson,4,5.27,4572
LV64 IXPW YT2V XUID IFEN G,Violet,basic,classic,panty,Violet,1,44.1,2400
BA95 4817 7204 0385 0310,Red,accent,classic,panty,Red,2,79.96,1230
PS53 GROR BW74 QWNH P5UT FBTB FJ9J X,Turquoise,basic,classic,panty,Turquoise,6,30.58,8319
FR97 6038 6333 45GD PJMO MAAH K49,Green,body art,classic,panty,Green,7,12.58,7446
HU14 5818 8033 2808 2152 5931 8803,Teal,cotton,classic,panty,Teal,9,41.79,8318
KW16 BNAA UUKP XV4E FWX7 3OAS QJ0G MJ,Red,cotton,classic,panty,Red,5,96.07,8955
BG47 ESHN 1668 86RA WS3K UN,Maroon,basic,classic,panty,Maroon,4,91.48,3868
AD86 4518 1651 D4WJ NYG9 G6AU,Fuscia,accent,classic,panty,Fuscia,5,36.78,9381
BH05 LQJY O1KU IXYZ SBHE 61,Green,accent,classic,panty,Green,6,81.24,8562
AL05 3653 8689 NSJQ GNQP LLKJ 99EJ,Crimson,classic,classic,panty,Crimson,5,80.84,8317
SI43 0431 5342 2136 689,Maroon,classic,classic,panty,Maroon,2,40.07,8110
FR12 0262 9800 38MY YLDH 9LMS K86,Aquamarine,accent,classic,panty,Aquamarine,5,20.86,6375
FR03 9568 8132 11JD 18RV Y4DM B05,Goldenrod,accent,classic,panty,Goldenrod,9,13.35,4868
TN08 7580 1691 7459 6822 7493,Crimson,classic,classic,panty,Crimson,3,50.74,3544
VG96 ZXSY 8291 7574 3834 0707,Violet,classic,classic,panty,Violet,3,97.05,2938
FR51 2751 9457 95ZM SPZ3 PSND L04,Green,body art,classic,panty,Green,3,58.49,7376
MR03 5886 0612 1237 2667 1921 667,Orange,classic,classic,panty,Orange,5,79.97,4488
PS32 EDHI EPMM 0MND OKBZ RAMH FV15 B,Maroon,basic,classic,panty,Maroon,6,16.33,5144
FR26 3354 5120 04E0 STEK HSMR O53,Pink,body art,classic,panty,Pink,4,46.38,9800
CZ03 0301 1412 3575 0660 0032,Green,classic,classic,panty,Green,1,1.39,2784
PT13 0317 2721 4757 4661 2443 2,Crimson,accent,classic,panty,Crimson,6,86.6,6680
MK24 576U CHD5 3WXI O09,Crimson,body art,classic,panty,Crimson,8,93.2,4342
MT03 NFEQ 9233 8MUM OF37 3RWH Y7EV CUO,Green,cotton,classic,panty,Green,8,86.74,5739
HU41 4231 0952 1471 0469 8924 1159,Maroon,basic,classic,panty,Maroon,1,19.15,8747
PT45 3825 6326 9137 3670 0159 3,Mauv,basic,classic,panty,Mauv,5,34.41,6603
PT70 1886 8215 8886 6407 5643 2,Blue,classic,classic,panty,Blue,1,47.47,7436
CY83 4734 1522 00EI LTNQ O55Z 8HTQ,Violet,body art,classic,panty,Violet,6,39.95,8376
FR65 8930 5507 69KT LTQ6 HPTN U77,Mauv,cotton,classic,panty,Mauv,8,7.28,9472
EE09 3595 1719 7267 2574,Goldenrod,cotton,classic,panty,Goldenrod,2,17.05,3690
GL47 7394 9792 1012 03,Khaki,basic,classic,panty,Khaki,8,5.99,9496
NO53 2750 4369 456,Aquamarine,basic,classic,panty,Aquamarine,1,17.7,4720
FR70 0942 2715 61DT HHGA OQ5Q M35,Teal,body art,classic,panty,Teal,2,62.84,6665
MD46 2DDL XE7V R0QN PAIU 6WGU,Crimson,accent,classic,panty,Crimson,8,62.19,4347
AL95 8904 2859 HZKQ PJ6J 2YYP YQKZ,Pink,accent,classic,panty,Pink,2,41.42,2497
IE15 VGQS 3485 0890 0851 10,Red,body art,classic,panty,Red,7,66.25,8656
FR02 8083 4803 57GC I4FH 3BIV G98,Teal,classic,classic,panty,Teal,1,29.51,3570
CH59 1246 3TNI UXNN U2DD W,Yellow,classic,classic,panty,Yellow,3,60.4,6901
GR96 5713 343D 2DDY 5TCB J2L2 HVR,Pink,basic,classic,panty,Pink,1,72.94,3023
EE05 7715 6444 4858 6738,Red,cotton,classic,panty,Red,5,70.65,9130
FR43 3425 8027 46R9 1QRR REQK 113,Purple,classic,classic,panty,Purple,8,95.38,6949
LI18 3043 4WOK RFBM 28UO V,Orange,cotton,classic,panty,Orange,1,53.88,6754
MK20 050Q AP3J RQWD 492,Fuscia,cotton,classic,panty,Fuscia,9,21.54,7642
MK49 107H 3XA8 GGH8 L95,Aquamarine,basic,classic,panty,Aquamarine,5,52.76,4307
GE18 DT34 5736 7367 8200 49,Puce,accent,classic,panty,Puce,5,14.61,5710
AZ96 HHCZ YFIX SFKI HVK0 E4WY MQXJ,Blue,classic,classic,panty,Blue,5,5.01,1890
ES73 2845 5537 9567 2706 0493,Indigo,body art,classic,panty,Indigo,1,74.28,7332
AZ82 RZCU JGWL HCGP NEDF S1AX Z9D3,Yellow,basic,classic,panty,Yellow,4,83.85,8221
IT53 V256 5139 051L CY5K ISOB EAX,Red,accent,classic,panty,Red,9,93.09,5345
TR97 4643 2HNQ X8LR FJZ0 ASTZ ZB,Aquamarine,basic,classic,panty,Aquamarine,4,29.04,8768
IL91 1184 9088 6536 2093 728,Blue,cotton,classic,panty,Blue,8,99.47,4910
FR80 7717 0398 99SO PNXF S9ZI N32,Turquoise,basic,classic,panty,Turquoise,6,73.52,6706
GT26 ULZ0 PUOP WK4S JIR7 FFRO 7F0T,Puce,body art,classic,panty,Puce,5,0.35,5501
LT29 7332 3570 6751 6372,Orange,classic,classic,panty,Orange,1,88.22,9752
LB11 2686 UCTO M7C0 KJKY ILJP KONK,Khaki,cotton,classic,panty,Khaki,8,89.31,9776
MR98 5230 7243 6039 1941 5326 503,Yellow,classic,classic,panty,Yellow,2,85.44,6504
HU05 2401 3068 7666 6301 0484 0885,Goldenrod,accent,classic,panty,Goldenrod,7,99.85,3309
GR53 8969 505Q BTAS TQNA WYWR YAS,Indigo,classic,classic,panty,Indigo,6,17.07,3354
FR21 0661 2441 21XP MP9W AMUV K31,Indigo,classic,classic,panty,Indigo,2,52.4,2626
PT30 7316 1223 9874 8386 7514 8,Teal,basic,classic,panty,Teal,3,89.94,7724
PK05 CMUI PRBL A4PK RJGT EOBT,Indigo,accent,classic,panty,Indigo,8,66.6,2218
FO05 1174 9363 5371 47,Green,cotton,classic,panty,Green,2,93.3,3708
DE96 2733 3302 3591 4298 07,Violet,basic,classic,panty,Violet,2,11.27,4184
NL92 SJPI 1235 8366 24,Maroon,body art,classic,panty,Maroon,4,71.76,8215
DO86 HV9M 5911 4792 1792 7079 4796,Purple,cotton,classic,panty,Purple,9,5.66,4384
PL47 1525 0441 8436 4404 6246 1253,Teal,body art,classic,panty,Teal,3,43.31,4024
CY76 2452 8803 KGYJ 5L0E OV6V Z60B,Fuscia,classic,classic,panty,Fuscia,7,86.69,4382
FR24 0171 7645 43WP WJAA D4U2 A15,Goldenrod,basic,classic,panty,Goldenrod,7,14.77,9992
EE40 3967 2424 2364 4970,Khaki,accent,classic,panty,Khaki,3,95.6,2414
FR74 7142 4411 47CN QUKJ BQY1 N61,Green,body art,classic,panty,Green,7,94.44,3814
FO32 0299 7803 8555 23,Indigo,classic,classic,panty,Indigo,6,25.04,5654
SI04 8345 9438 0643 865,Puce,body art,classic,panty,Puce,4,57.33,1083
BA25 9761 0507 5057 1706,Goldenrod,cotton,classic,panty,Goldenrod,9,35.95,2979
ES63 2569 0186 4848 7166 4209,Red,classic,classic,panty,Red,7,13.38,5905
HR11 3015 9413 1480 8952 0,Orange,body art,classic,panty,Orange,7,29.93,7301
PT62 8395 5846 6626 0342 8275 7,Red,basic,classic,panty,Red,6,84.63,7233
CZ03 5558 2232 2645 9851 1875,Blue,body art,classic,panty,Blue,1,63.55,5253
PL67 6044 5061 3546 2896 0418 3777,Red,accent,classic,panty,Red,7,19.54,1904
LV17 KWXE 5WJC QREW SYUP Y,Purple,cotton,classic,panty,Purple,9,82.97,3041
BG88 OLPZ 6619 76GP GEWB AI,Goldenrod,body art,classic,panty,Goldenrod,6,11.86,6924
CY18 8454 3701 FM8K EZLQ RIRO 51QT,Indigo,cotton,classic,panty,Indigo,2,92.74,2823
RO94 VNPR UCZM CIL9 ORYE 2II4,Maroon,cotton,classic,panty,Maroon,4,3.03,7372
FR18 8764 9677 45IN RTQI HOWS C27,Red,basic,classic,panty,Red,6,72.18,4734
MC26 5674 6999 15XM 4CXE UIYE P56,Goldenrod,body art,classic,panty,Goldenrod,9,59.8,1685
MT30 TRWH 1819 5EFG RFO1 2Y1W ZEZ7 94D,Maroon,accent,classic,panty,Maroon,9,32.5,5866
RO93 IJJS M3TO CL5A XEWA NYYG,Maroon,basic,classic,panty,Maroon,8,57.32,4872
FO93 5376 6651 7219 22,Goldenrod,basic,classic,panty,Goldenrod,7,43.52,8494
FR94 4518 7140 20HK LRTM VXOM X16,Red,classic,classic,panty,Red,7,78.48,1138
FR61 1533 5258 96TT 3KJI UO19 C43,Mauv,basic,classic,panty,Mauv,5,76.45,4467
SE06 2641 6270 3218 8813 9370,Teal,classic,classic,panty,Teal,8,24.49,8781
GT49 VVTQ RUQP KAAZ 1S0G LIT9 6XLS,Turquoise,basic,classic,panty,Turquoise,2,40.07,6303
BE96 8833 4239 8331,Aquamarine,accent,classic,panty,Aquamarine,8,93.3,2814
AD15 2259 0296 O3HY LTJ4 RWY1,Pink,body art,classic,panty,Pink,1,60.29,8820
TN71 5082 0546 7287 2960 2365,Blue,accent,classic,panty,Blue,1,76.94,4542
FR52 8661 4297 18MK KHEN GJUK T23,Aquamarine,basic,classic,panty,Aquamarine,6,70.08,2643
TR79 2961 2T3J NEZW TUBJ 1OW3 PS,Purple,accent,classic,panty,Purple,2,5.13,6780
VG91 IXEF 9864 1434 0972 5289,Goldenrod,basic,classic,panty,Goldenrod,3,58.1,7931
MU54 CEAQ 5413 2027 3234 4269 641H JL,Green,accent,classic,panty,Green,6,10.4,2453
FR65 9940 6485 00ON 7UK4 VHZ3 P78,Indigo,accent,classic,panty,Indigo,2,26.83,1122
LB91 2578 QPQN BWFD TXPD AU4T R4CT,Green,body art,classic,panty,Green,4,83.33,7756
PK50 IPZR G9GQ GTXR JNTN 6PZF,Goldenrod,classic,classic,panty,Goldenrod,8,71.3,6062
NL03 DFAZ 4450 1314 86,Red,body art,classic,panty,Red,4,61.24,6288
IL89 6110 8888 8183 3114 555,Mauv,accent,classic,panty,Mauv,9,22.7,7800
PS44 TIYW KYM1 LB3L XVGF S0PK Q4UW X,Orange,accent,classic,panty,Orange,3,50.68,2999
CR14 6477 8396 3227 7758 7,Turquoise,basic,classic,panty,Turquoise,1,4.25,9172
FR22 8909 0322 51WE MJNL HPOU V42,Indigo,accent,classic,panty,Indigo,7,43.53,3886
CY35 4050 3891 OP8O NHC6 GGPX VPKT,Khaki,cotton,classic,panty,Khaki,5,94.02,4683
AE89 7726 4291 1466 8163 534,Crimson,accent,classic,panty,Crimson,9,71.16,3321
FR21 3621 9139 218N KPW5 FUWT M75,Purple,body art,classic,panty,Purple,3,14.64,3736
LB74 7169 2FCL XUD6 UJ97 28AL 6ZWR,Teal,cotton,classic,panty,Teal,3,89.1,9331
MC33 3021 5644 97YB UJDR 6SKN D92,Yellow,body art,classic,panty,Yellow,6,32.95,2768
CR55 8378 7846 7361 7424 4,Puce,basic,classic,panty,Puce,9,20.19,4668
HR95 1865 3921 2003 7080 1,Aquamarine,body art,classic,panty,Aquamarine,6,97.6,9966
TR35 6558 1AWY FE5I IEOQ CLNU KP,Orange,basic,classic,panty,Orange,8,11.68,2489
GT81 FPHN VGOU 5UKJ KFXS OWEG RAKS,Blue,body art,classic,panty,Blue,4,75.84,5342
SI77 2458 4599 3278 025,Purple,basic,classic,panty,Purple,5,54.78,7482
LV78 LYPU K3VH J3ZY UAZE I,Blue,cotton,classic,panty,Blue,7,53,2524
PT12 2730 9635 1074 4913 0298 0,Aquamarine,body art,classic,panty,Aquamarine,3,43.41,7270
HR88 4273 0945 1237 1219 2,Orange,accent,classic,panty,Orange,8,62.16,2138
LT09 0171 2050 9602 4403,Turquoise,accent,classic,panty,Turquoise,6,53.1,2683
LB05 7277 VSBQ XBVA XXVO 1CG7 FNHV,Orange,accent,classic,panty,Orange,9,19.96,7300
PK25 VWIT RQGM C1KF IXDE LMET,Purple,basic,classic,panty,Purple,5,99.21,7465
CR39 1930 4334 2481 7287 9,Aquamarine,accent,classic,panty,Aquamarine,5,64.06,9712
NL24 IFKM 6461 3952 83,Crimson,body art,classic,panty,Crimson,7,8.94,8122
LU57 2232 ZI4G ZWHX D8NX,Pink,accent,classic,panty,Pink,1,13.62,5611
FI07 9113 4733 1873 95,Khaki,accent,classic,panty,Khaki,1,2.31,7127
PL54 3309 4731 4022 3216 7707 6664,Violet,classic,classic,panty,Violet,5,36.38,1980
MC22 9001 9516 450D 9NFG PDPE A77,Maroon,body art,classic,panty,Maroon,2,91.78,1415
AT71 3620 1611 0388 8334,Aquamarine,cotton,classic,panty,Aquamarine,4,37.48,2532
DE23 4185 8001 0205 7888 00,Turquoise,accent,classic,panty,Turquoise,7,28.41,2956
NO09 4184 1782 332,Crimson,body art,classic,panty,Crimson,1,90.1,5971
CR82 1774 4116 3633 6208 2,Orange,basic,classic,panty,Orange,6,13.74,5823
GT57 FD9V UWFE KCST CE3L RXLF MRRG,Green,cotton,classic,panty,Green,9,81.04,5593
LU71 272E IVWM BFDW BM6C,Yellow,cotton,classic,panty,Yellow,1,20.7,1306
CZ07 8687 7949 0657 3567 6677,Goldenrod,classic,classic,panty,Goldenrod,2,10.19,8326
MC65 5411 0862 75PH R4WY KC1D Z78,Orange,accent,classic,panty,Orange,9,18.08,8857
GB24 GADE 6071 8381 9131 64,Teal,classic,classic,panty,Teal,4,85.29,4955
SI24 1241 8283 2049 048,Khaki,classic,classic,panty,Khaki,4,55.94,7752
SM83 R750 2023 758E CYSQ BBUM WNU,Fuscia,classic,classic,panty,Fuscia,1,90.11,5002
SA03 32ZQ OAPA FTTW L8K9 ZPUY,Yellow,body art,classic,panty,Yellow,5,71.52,5232
ES08 5289 5582 7023 7910 9926,Orange,accent,classic,panty,Orange,3,15.69,2368
FR16 3775 0916 29XR 12HY JOMX I59,Turquoise,basic,classic,panty,Turquoise,4,1.91,6360
FR96 2157 8241 43Z8 TCIM C4OF T14,Maroon,body art,classic,panty,Maroon,4,37,2282
EE02 6253 0631 2804 2266,Puce,accent,classic,panty,Puce,2,18.56,7804
LB70 3827 C4SQ HLNM HB5J SIHN IT0W,Pink,basic,classic,panty,Pink,5,24.08,8231
RS56 8578 9106 3468 6123 52,Orange,classic,classic,panty,Orange,5,15.74,8778
PK57 JSIE WWD2 LVAT 771F SKVE,Red,cotton,classic,panty,Red,7,44.68,5394
SM48 L922 5213 474J SISI E5PN HJJ,Red,body art,classic,panty,Red,8,72.34,4393
NO87 2767 9911 102,Pink,body art,classic,panty,Pink,2,3.39,3379
AE93 8680 9233 2624 9399 958,Crimson,body art,classic,panty,Crimson,1,37.79,1856
GI50 VDFI EJYZ TYTU NKTO OVI,Pink,classic,classic,panty,Pink,3,75.76,9217
KZ80 4252 GODH JY74 SPRK,Green,cotton,classic,panty,Green,9,33.08,5169
IE45 GPZG 5355 9716 6779 65,Pink,cotton,classic,panty,Pink,8,72.98,6168
CR46 5694 3119 4857 8781 5,Red,accent,classic,panty,Red,1,15.42,4087
LV29 RNBN JVLB LCUV 20KJ M,Blue,cotton,classic,panty,Blue,5,40.77,9339
SI53 0308 1311 5876 601,Maroon,accent,classic,panty,Maroon,6,26.96,7326
SK60 9562 0132 5967 8085 1204,Pink,basic,classic,panty,Pink,5,25.93,1816
GE62 QS29 6311 9713 8900 64,Orange,classic,classic,panty,Orange,2,94.68,3213
SK65 3870 3902 0308 7250 4986,Maroon,classic,classic,panty,Maroon,1,15.68,2578
SE61 8054 5987 3215 4881 0848,Crimson,cotton,classic,panty,Crimson,3,77.33,1471
HR88 0685 6882 6722 1982 2,Crimson,classic,classic,panty,Crimson,3,95.32,1652
IS39 6013 8243 9893 3131 1663 84,Red,classic,classic,panty,Red,7,66.38,7988
FR08 7675 8958 71VI WHH6 FIVO N89,Purple,accent,classic,panty,Purple,6,22.82,5572
TR68 0304 3DDD M67J BBAC MMM8 OP,Maroon,basic,classic,panty,Maroon,4,4.91,7429
AL54 6955 1666 QA3W QOEL YT6B 2HW1,Mauv,accent,classic,panty,Mauv,7,79.43,1325
RS04 9749 1264 2536 6255 12,Maroon,classic,classic,panty,Maroon,2,47.84,1181
FO83 8239 4551 8852 83,Teal,accent,classic,panty,Teal,8,63.09,2778
RS80 1272 5387 4668 6331 23,Puce,cotton,classic,panty,Puce,2,74.92,6234
SA18 83EH LMNR DTMV TFAW HYCE,Maroon,accent,classic,panty,Maroon,4,54.92,1405
FI12 4978 2447 4121 63,Teal,classic,classic,panty,Teal,4,94.77,5142
BH60 AWKZ SEOT EP8K I4K2 1W,Blue,classic,classic,panty,Blue,6,51.46,9590
DE65 5349 7070 0690 6042 58,Khaki,cotton,classic,panty,Khaki,7,0.7,4654
GR45 6879 937T 15CH IYUV X18C ACB,Mauv,body art,classic,panty,Mauv,4,65.38,9018
GR05 0036 4139 D2TG WL5F 97U4 VWS,Turquoise,classic,classic,panty,Turquoise,7,68.79,6870
KW29 KSII LISE PHPH LSWR QWZC DULH 7X,Indigo,accent,classic,panty,Indigo,7,48.42,3780
IS56 3043 3602 0525 6539 8343 62,Orange,classic,classic,panty,Orange,7,5.03,1540
ES59 2063 1056 6699 8675 3920,Mauv,accent,classic,panty,Mauv,4,89.93,5098
FR05 8160 0142 45UX 8TRV NF9L H26,Mauv,accent,classic,panty,Mauv,3,9.11,5451
TN84 5674 4429 4504 8842 9528,Puce,cotton,classic,panty,Puce,7,12.07,1511
FR36 8088 7932 74KO TAEF ZXYS T02,Teal,basic,classic,panty,Teal,4,62.25,8039
FR70 0167 4716 493I QDFF Z3SF R14,Turquoise,body art,classic,panty,Turquoise,8,11.12,2509
GB57 ZYUM 6133 7865 4622 72,Fuscia,body art,classic,panty,Fuscia,1,92.54,1969
FI93 7288 6119 1684 95,Aquamarine,basic,classic,panty,Aquamarine,3,17.92,2342
PT72 3399 7185 7850 2023 8989 2,Teal,cotton,classic,panty,Teal,5,43.44,1389
IS25 5058 2897 2795 9168 3560 22,Violet,accent,classic,panty,Violet,9,56.01,1148
ES29 6329 8035 2689 4917 9319,Blue,accent,classic,panty,Blue,8,22.54,5230
SM21 Q678 0681 437X 5ADP 5DGW KU2,Green,accent,classic,panty,Green,8,34.44,4855
FR89 3377 3462 42W3 JPKB JDFA 393,Indigo,cotton,classic,panty,Indigo,9,74.17,6621
PT92 0168 9010 0268 5185 4368 3,Fuscia,accent,classic,panty,Fuscia,2,96.28,3843
FR19 7024 6699 332R O3WV ZI0B S11,Goldenrod,basic,classic,panty,Goldenrod,6,47.42,3682
FR25 9900 3946 14XN IGY5 LSHX X05,Turquoise,basic,classic,panty,Turquoise,1,38.81,4459
BG98 JJSQ 8755 1890 KAAJ LV,Blue,basic,classic,panty,Blue,9,78.26,5019
GL58 6276 1746 8156 40,Pink,cotton,classic,panty,Pink,8,63.09,1042
SM08 F307 5635 329R ACF1 DS8D PKN,Green,cotton,classic,panty,Green,6,31.15,9999
KZ64 294C IEH3 HYCY 1WIW,Teal,body art,classic,panty,Teal,4,81.74,2128
MC93 2356 4788 23VR MFII MBNF 924,Khaki,accent,classic,panty,Khaki,1,20.34,1416
FR67 1418 4650 90XP YUVP QICP S21,Puce,basic,classic,panty,Puce,7,45.37,8675
CZ86 4948 5355 9234 7094 1618,Purple,classic,classic,panty,Purple,4,31.89,7758
BH81 KXOY KXGE GRMJ TXTR WB,Maroon,cotton,classic,panty,Maroon,3,93.46,8575
IL16 4670 1946 9592 9849 116,Violet,cotton,classic,panty,Violet,4,64.53,5410
FR39 1047 3910 51X8 62N8 GLYR Q87,Red,cotton,classic,panty,Red,9,76.35,3945
FR36 4977 3947 62H2 XFR5 OSLS 436,Purple,cotton,classic,panty,Purple,6,89.9,3173
SE61 8468 2674 0715 1677 2790,Turquoise,cotton,classic,panty,Turquoise,1,11.08,4935
HR54 7629 4463 8840 6291 3,Blue,basic,classic,panty,Blue,9,48.63,1054
AD95 0377 2845 4XD1 MHXD NA5G,Mauv,basic,classic,panty,Mauv,8,87.2,5936
FR34 8600 7372 44PJ IJIM SZWR X30,Mauv,basic,classic,panty,Mauv,7,82.3,1409
TR22 9453 4RHQ HNH2 CAQQ TEUL MT,Maroon,body art,classic,panty,Maroon,4,94.55,2730
BH52 FEQO 5RSH IG7G 5IIM QU,Puce,basic,classic,panty,Puce,3,92.44,8104
DK29 3348 2467 0304 59,Aquamarine,basic,classic,panty,Aquamarine,7,71.89,1775
SA48 89M0 EHDC QTOE ZGEG KZ9L,Mauv,accent,classic,panty,Mauv,3,20.68,6914
FR22 8345 6427 84ID QLQK LU96 868,Puce,accent,classic,panty,Puce,7,84.19,1008
DO70 PYQK 9089 9556 5103 2002 5998,Indigo,accent,classic,panty,Indigo,6,47.45,7121
BH52 UXYD XO2W MWTN P6EK VI,Turquoise,body art,classic,panty,Turquoise,3,42.9,7244
FR04 6174 9504 57GB GRBB ZX3J Y70,Blue,basic,classic,panty,Blue,5,86.03,6400
AZ84 ZBWN GDGW X5XZ SPRN AYBZ QUUW,Aquamarine,accent,classic,panty,Aquamarine,2,14.62,3252
AL51 2429 6704 OWPS LBBV CZEL WFVZ,Turquoise,accent,classic,panty,Turquoise,9,19.82,6512
TR26 2180 6A1G 6FCK OARE IOAC 7V,Pink,accent,classic,panty,Pink,2,62.25,9020
BR28 4285 4913 4348 3297 0552 819Y D,Mauv,classic,classic,panty,Mauv,9,82.63,7367
GT30 VZOI 3JKM LAAF LDVQ UIFJ TLBR,Goldenrod,body art,classic,panty,Goldenrod,6,42.19,9189
IS47 2158 2810 1471 5270 4582 71,Green,classic,classic,panty,Green,1,33.18,4480
AD09 2264 2814 6WRA W2XB BSZL,Turquoise,body art,classic,panty,Turquoise,6,0.24,2534
MU92 MIIV 0635 8406 8918 8725 069S RJ,Green,basic,classic,panty,Green,2,76.3,5530
PL26 9046 3165 3534 3630 7441 7355,Maroon,basic,classic,panty,Maroon,6,15.26,9612
SI24 5823 9020 3553 360,Mauv,classic,classic,panty,Mauv,4,62.15,4148
TR82 2080 1B8U 544J 1AAE M1NF SO,Purple,cotton,classic,panty,Purple,7,53.02,3934
GT73 XBHS QRZJ SONM VSO3 31LH 65L3,Khaki,cotton,classic,panty,Khaki,4,21.2,9143
CR67 4659 0478 1203 7289 4,Yellow,accent,classic,panty,Yellow,8,21.97,1103
EE87 8918 3976 0494 8435,Khaki,body art,classic,panty,Khaki,1,74.99,6636
FR59 6919 3503 93WH 8HV1 5LXI X00,Puce,accent,classic,panty,Puce,6,61.63,1279
LT50 6770 8613 4883 4427,Maroon,accent,classic,panty,Maroon,4,27.91,9349
PK31 TOCD RQZP HQHH 38IS PSQQ,Crimson,body art,classic,panty,Crimson,3,10.86,3317
BE53 9834 8237 0294,Maroon,classic,classic,panty,Maroon,5,63.71,5216
LT43 8469 5415 2073 2074,Orange,accent,classic,panty,Orange,7,54.05,7216
CZ73 1686 1661 7494 1027 4279,Maroon,classic,classic,panty,Maroon,6,71,7633
FR79 7671 1181 08Z6 W7BE OAJU 285,Fuscia,cotton,classic,panty,Fuscia,8,43.33,9893
AD29 2871 6163 95OO GOD8 MVMP,Indigo,cotton,classic,panty,Indigo,2,63.93,6385
PS95 APHW KOUR PFRS PQ58 T7JE XHVT K,Aquamarine,basic,classic,panty,Aquamarine,8,77.24,3236
FR83 0414 6148 49HW KQZG 9SKJ D69,Orange,basic,classic,panty,Orange,8,41.02,3147
RS89 5400 0925 0247 2087 88,Fuscia,cotton,classic,panty,Fuscia,3,12.8,9091
LI59 3431 6BKW PIK5 6ZFG T,Teal,accent,classic,panty,Teal,4,34.9,9212
PL87 7614 4811 5078 1696 6682 3070,Pink,basic,classic,panty,Pink,7,28.85,1195
FR66 0555 3622 05TX MG2B MXDM O75,Aquamarine,basic,classic,panty,Aquamarine,4,14.23,9485
GE61 AN49 8799 8562 4558 62,Green,basic,classic,panty,Green,5,91.14,7726
CY36 3628 3806 9BFR HIJH DWVD LW1O,Puce,basic,classic,panty,Puce,8,3.85,3826
AT76 8239 4911 9030 5292,Goldenrod,classic,classic,panty,Goldenrod,3,24.24,5931
HU04 4113 5897 5096 9292 3623 1312,Turquoise,accent,classic,panty,Turquoise,8,63.16,4346
IL12 6661 0697 5081 7716 945,Mauv,classic,classic,panty,Mauv,3,53.36,6447
GB13 UAXX 4856 7362 1600 31,Red,classic,classic,panty,Red,6,36.22,5537
IT90 V183 0753 4240 RN5F WIDU ZCP,Red,basic,classic,panty,Red,4,76.69,1433
FR50 8092 8051 11FT 2WLF CFXG E22,Pink,body art,classic,panty,Pink,4,47.02,4661
FR11 4378 5070 03DC Y9Y9 5I9U V95,Green,basic,classic,panty,Green,3,65.47,5790
FR37 7329 1200 6181 4LUN A4NR U64,Fuscia,body art,classic,panty,Fuscia,3,27.06,5676
EE92 8540 6713 3600 4186,Mauv,body art,classic,panty,Mauv,4,52.48,5050
TR87 9471 7EAT TFVW RFCI NT8L VV,Goldenrod,accent,classic,panty,Goldenrod,6,75.27,7504
BE10 4136 3201 7119,Red,classic,classic,panty,Red,2,31.67,2912
PS23 CSNL GY2K JAUZ 0EXX 0BGV CQNF 0,Maroon,cotton,classic,panty,Maroon,6,15.28,6784
VG64 NZJE 6447 1354 4404 0437,Mauv,cotton,classic,panty,Mauv,9,35.1,8535
VG51 HOCH 1912 5751 5833 3547,Violet,cotton,classic,panty,Violet,7,11.08,3526
MD42 FJSU 9DWL TBU5 FHNN CFF0,Goldenrod,classic,classic,panty,Goldenrod,5,76.04,8016
AT32 7617 0533 8587 9147,Yellow,accent,classic,panty,Yellow,9,52.51,4795
AD45 6019 6824 OKL3 YJ3Q G4WI,Mauv,basic,classic,panty,Mauv,7,20.42,1684
GR22 5778 197B XK5U M9FY KF2V 2ZC,Violet,cotton,classic,panty,Violet,3,64.44,3603
PS49 QUDA VBD4 CHZJ BKWS QWPH V8MG 7,Orange,classic,classic,panty,Orange,5,86.76,6265
KW10 RFCB EX09 YQUQ GL28 YMBD QVPL 0A,Orange,basic,classic,panty,Orange,5,85.72,8005
ME02 3503 3554 1662 3179 01,Orange,basic,classic,panty,Orange,2,2.34,2313
IS24 1164 7664 9265 8126 4098 64,Aquamarine,classic,classic,panty,Aquamarine,6,31.14,4911
FR68 2730 9205 88WA EBIU O7VG Q10,Green,classic,classic,panty,Green,5,39.04,3086
AZ52 XUNW FJIB VEZ7 NGEK RDXX AAAP,Blue,classic,classic,panty,Blue,6,72.49,6861
LB26 7096 QKWB QJY0 XGA7 ZLY5 YYPQ,Yellow,cotton,classic,panty,Yellow,1,51.53,8245
HR89 1996 6031 2683 7141 6,Red,accent,classic,panty,Red,3,22.32,9507
AT84 5145 6535 2609 4710,Orange,basic,classic,panty,Orange,2,64.8,2897
FR32 6400 8831 13ZB 6J98 UUS8 W33,Khaki,accent,classic,panty,Khaki,4,33.95,2043
FR87 8687 8224 14HA BPQ5 NHKT F76,Indigo,body art,classic,panty,Indigo,6,45.38,5692
MU86 IMID 8113 9428 8114 2059 639X CS,Mauv,body art,classic,panty,Mauv,4,68.75,1518
FR79 9758 9863 44EI 1TEF FU7Y O02,Maroon,basic,classic,panty,Maroon,6,13.35,6067
KW46 MOPW KHLM W5BP GHMF 0TKX DYIE NY,Blue,body art,classic,panty,Blue,7,86.67,5809
FR73 7845 3743 15ZU 4DWM GCFR V02,Maroon,accent,classic,panty,Maroon,9,42.74,6772
CR17 5244 4822 7571 6530 1,Violet,accent,classic,panty,Violet,3,71.78,6202
NL27 IKMB 0463 7517 37,Khaki,body art,classic,panty,Khaki,2,39.79,7204
CR68 6465 0551 8452 2653 5,Crimson,classic,classic,panty,Crimson,5,74.25,7094
AL15 3442 3954 JNE0 NNHP WJSR WYQS,Puce,body art,classic,panty,Puce,5,37.07,3632
FR23 4890 9673 330T WSEO 6XRR 890,Orange,cotton,classic,panty,Orange,6,66.79,7010
MU14 ZJHA 8968 4484 7169 2710 838M OW,Mauv,classic,classic,panty,Mauv,1,0.65,4171
PT14 4998 6837 4078 4669 4190 2,Blue,basic,classic,panty,Blue,1,90.06,5817
FR51 9153 5145 76DR I1LW ZDWE W30,Red,body art,classic,panty,Red,5,1.86,6244
LI75 0303 0ZY0 P8DR 8PFA P,Aquamarine,accent,classic,panty,Aquamarine,1,51.37,9543
CR66 8279 2880 0070 5472 5,Indigo,basic,classic,panty,Indigo,2,88.74,9925
TN55 6610 4474 7361 0306 4889,Red,cotton,classic,panty,Red,5,60.05,1347
IS77 1511 0861 4805 3784 9450 59,Maroon,body art,classic,panty,Maroon,7,39.52,5116
SI21 8620 4144 9554 629,Puce,body art,classic,panty,Puce,9,68.77,7942
GE09 WX85 1368 7138 5153 79,Blue,accent,classic,panty,Blue,6,74.3,6798
PK32 GSIL VLSW DNYC UQVH WYGW,Goldenrod,body art,classic,panty,Goldenrod,8,48.97,8263
RO69 CKIT TPYD SVU4 7GWH KOWY,Maroon,basic,classic,panty,Maroon,8,91.05,3925
DK69 7549 2444 2564 52,Aquamarine,classic,classic,panty,Aquamarine,3,36.64,1352
NL61 IZHU 0070 7424 12,Turquoise,cotton,classic,panty,Turquoise,2,2.46,3094
AE06 0398 6139 2529 5820 680,Green,body art,classic,panty,Green,6,87.92,6807
FR16 3627 0771 79GI BOAA WENT F21,Orange,accent,classic,panty,Orange,1,18.99,2976
MT65 BQUT 8658 9EL3 AGQS ZBMA O7HC OCF,Aquamarine,basic,classic,panty,Aquamarine,3,26.09,2986
IE30 OTID 8792 2879 4753 77,Red,basic,classic,panty,Red,6,90.62,6866
MC90 2449 2311 11VD QZBB 6ON3 894,Teal,basic,classic,panty,Teal,2,25.48,2314
IE41 IFNW 2805 7281 7998 23,Teal,body art,classic,panty,Teal,6,35.4,8640
FR02 8391 5804 14MY SOEJ 1LKW S34,Puce,accent,classic,panty,Puce,4,44.29,2384
GL34 5455 3982 8999 13,Puce,body art,classic,panty,Puce,4,68.03,2245
NO04 9097 4507 505,Turquoise,accent,classic,panty,Turquoise,6,39.36,9257
RO11 ZEMP 1MHK KR1Y 9M2C C9VK,Turquoise,basic,classic,panty,Turquoise,2,66.44,4271
CY94 9366 8234 MGSN USIB Y83W WIUS,Pink,classic,classic,panty,Pink,2,79.39,6599
CY04 8189 2962 JZ2F WIJ5 KSPL JGTL,Pink,accent,classic,panty,Pink,8,50.03,9894
BH13 NLKX DHM7 BEK8 RHTK ZQ,Red,body art,classic,panty,Red,9,77.59,8718
IL15 7298 2326 7204 5156 007,Khaki,basic,classic,panty,Khaki,3,19.05,9232
FR50 8183 6135 85NG QQDJ QLZY F38,Fuscia,cotton,classic,panty,Fuscia,4,25.25,2920
MT20 TNHF 3309 9TTT 9BCG IICX UMSC INW,Purple,classic,classic,panty,Purple,8,50.35,1217
BR98 2399 8193 1539 7244 9662 811L M,Goldenrod,classic,classic,panty,Goldenrod,2,62.72,1285
FR57 4663 8341 74JZ GC8W P4GA C56,Turquoise,basic,classic,panty,Turquoise,5,8.62,2997
CH03 5380 1PCD WIXO NYBN I,Khaki,accent,classic,panty,Khaki,4,32.26,4937
MD72 ZZYV IULV PXJS ASXG WGFM,Goldenrod,classic,classic,panty,Goldenrod,4,41.77,1859
LV80 QXEI DOE3 GKV3 V05K X,Turquoise,basic,classic,panty,Turquoise,1,96.99,8134
NL53 OLYR 4159 5498 55,Purple,classic,classic,panty,Purple,6,63.91,8318
NL18 IHMB 7458 8638 93,Indigo,basic,classic,panty,Indigo,5,25.05,5758
FI28 7764 0302 1055 20,Aquamarine,basic,classic,panty,Aquamarine,6,53.44,9380
GI11 LMAG TETR ATSM 91RC P6V,Pink,basic,classic,panty,Pink,2,43.3,9160
AE84 6265 8339 7971 6629 125,Mauv,body art,classic,panty,Mauv,7,3.02,4809
MC63 5030 0860 76OR UJBB SKHF 180,Turquoise,classic,classic,panty,Turquoise,1,1.17,5234
RS53 7414 1297 9128 7274 76,Orange,body art,classic,panty,Orange,6,74.79,3441
MU06 YYYJ 6122 2880 5961 4166 947D WQ,Turquoise,classic,classic,panty,Turquoise,3,88.12,3593
NO42 4007 4941 676,Fuscia,body art,classic,panty,Fuscia,6,48.98,8180
GE13 RB45 5690 6485 4333 41,Fuscia,body art,classic,panty,Fuscia,1,73.02,3994
FR39 0153 1916 53OX 3B9W 9OY1 I10,Green,basic,classic,panty,Green,7,88.22,3203
EE16 1589 6685 3281 7685,Green,cotton,classic,panty,Green,4,91.98,3423
NL09 IILW 4764 4633 71,Teal,cotton,classic,panty,Teal,9,4.23,6363
PL19 5190 7082 1700 4441 1407 8672,Aquamarine,body art,classic,panty,Aquamarine,5,87.68,1953
FI44 5867 0075 4314 88,Puce,cotton,classic,panty,Puce,5,59.13,3110
FR43 4843 9146 056I BEDB WWCH E69,Blue,classic,classic,panty,Blue,5,51.93,7600
GT77 HPCA DJVI KGRH JIOC JK64 HRAO,Red,basic,classic,panty,Red,9,66.65,8227
ME65 8851 1973 1079 7970 94,Turquoise,body art,classic,panty,Turquoise,5,94.03,1758
KW79 FYLG WRNP LTVU BSG7 FSBN 7GT5 YU,Green,cotton,classic,panty,Green,3,62.11,2527
FR16 5538 1632 16UE GKY9 NPR8 N78,Green,body art,classic,panty,Green,3,22.94,3398
GL47 4739 0372 1650 53,Crimson,cotton,classic,panty,Crimson,3,98.97,8339
SI06 1629 1234 9116 203,Indigo,basic,classic,panty,Indigo,5,55.17,6230
DE20 0398 3461 5972 5524 98,Turquoise,basic,classic,panty,Turquoise,9,55.32,1238
AD05 8933 1295 KYB2 V5DY IPNA,Maroon,basic,classic,panty,Maroon,8,3.24,1793
CZ22 0095 6878 9525 0901 5823,Crimson,basic,classic,panty,Crimson,3,29.91,9463
GL38 2411 1630 2908 14,Violet,basic,classic,panty,Violet,9,60.63,7113
MR40 3036 5067 4075 0772 2702 742,Red,accent,classic,panty,Red,4,19.6,3540
FR39 4994 6996 69VC 9TXK KVYL 383,Turquoise,classic,classic,panty,Turquoise,9,95.68,1076
FR58 7786 5764 1066 V4NT BEOX D14,Indigo,classic,classic,panty,Indigo,1,44.79,8609
AL05 8996 8970 NJB2 WK2J HRQV GYKH,Purple,cotton,classic,panty,Purple,2,81.98,5441
FR54 5441 0123 84EJ UZBS XNQY X39,Green,accent,classic,panty,Green,4,72.43,4575
FR64 6474 6557 17OX BOXU 0CWW H71,Mauv,accent,classic,panty,Mauv,1,8.93,4045
LI35 3055 9XMD L7CK LXRN J,Maroon,basic,classic,panty,Maroon,5,67.51,9357
EE82 7258 1033 9443 1047,Fuscia,basic,classic,panty,Fuscia,9,3.61,2278
DK12 7111 2178 4562 60,Indigo,body art,classic,panty,Indigo,2,61.87,6159
KW89 MVXF FZID QXT8 YTU9 PC5E RB6X 5D,Indigo,cotton,classic,panty,Indigo,1,71.33,9132
KW68 NLAV 6C7G RZFA QDVJ WUMP YHDE 9K,Red,basic,classic,panty,Red,9,56.22,7712
SI57 2240 5634 3962 265,Mauv,accent,classic,panty,Mauv,9,78.21,8055
LV10 PDCN 0YBD Z5XF OJMU P,Turquoise,body art,classic,panty,Turquoise,1,87.49,3205
RS64 3947 6146 2967 9944 90,Red,basic,classic,panty,Red,1,92.86,2722
RS52 9848 1170 0554 2338 43,Pink,accent,classic,panty,Pink,5,3.74,7929
BR88 1443 8439 2163 9764 2559 053H J,Crimson,cotton,classic,panty,Crimson,6,29.76,9599
FR74 8411 1603 40BM 684F UYXZ 657,Turquoise,cotton,classic,panty,Turquoise,9,85.76,6045
DO12 SOGA 5431 3131 7260 9605 4442,Maroon,body art,classic,panty,Maroon,1,63.3,5726
MK84 663J IRUC EWMS M00,Yellow,basic,classic,panty,Yellow,2,70.39,8505
CZ21 1440 0672 0203 1202 2029,Green,body art,classic,panty,Green,2,80.78,1059
LI17 9251 4ZMB UJGR 9394 X,Yellow,body art,classic,panty,Yellow,3,36.39,2909
SI71 5023 4628 3273 483,Violet,classic,classic,panty,Violet,1,33.77,1910
NL15 WLZN 1104 4076 34,Orange,basic,classic,panty,Orange,4,50.36,1028
PK50 MYEX Q4FL IMDZ GIMD IKGL,Turquoise,accent,classic,panty,Turquoise,4,59.25,1662
FR71 4477 1924 45DQ QJVL OUZB F99,Teal,body art,classic,panty,Teal,9,80.96,7839
DO41 UP7C 8112 2456 2857 9218 9146,Blue,body art,classic,panty,Blue,1,64.06,5947
NL77 MFRD 0991 1037 13,Crimson,accent,classic,panty,Crimson,5,11.88,1996
GR58 5598 461X J7ZM GZT7 KKXV WE4,Mauv,classic,classic,panty,Mauv,8,82.51,5877
GE82 YU77 4134 6584 7330 33,Maroon,cotton,classic,panty,Maroon,2,20.26,8881
BA61 7783 9402 4421 1234,Indigo,cotton,classic,panty,Indigo,5,95.4,6810
SA57 78IY GCXM OXKI EYQM 4YC0,Goldenrod,basic,classic,panty,Goldenrod,8,64.93,3874
FI46 9411 5352 9488 38,Turquoise,accent,classic,panty,Turquoise,4,56.65,1662
MT45 BZAQ 7026 0VYQ FOQV P4TD 74LY TLK,Indigo,body art,classic,panty,Indigo,8,28.37,4529
FR19 9007 7493 44CC AWZG UIAX G49,Khaki,body art,classic,panty,Khaki,6,80.5,3616
LV22 KUNU RZQV HRNU QSQ7 Z,Blue,accent,classic,panty,Blue,3,83.37,3931
MR92 8694 6523 5263 0609 4661 245,Blue,cotton,classic,panty,Blue,1,9.2,3744
BE71 2564 0151 1723,Mauv,body art,classic,panty,Mauv,8,68.92,6739
MC07 3099 2371 97RA 2V7P VHWS I70,Mauv,accent,classic,panty,Mauv,5,27.22,8535
FR11 8398 8715 59TK 3HSO CXYS N62,Red,cotton,classic,panty,Red,9,76.42,7903
CH96 6203 4WIQ AL39 DLTS P,Aquamarine,accent,classic,panty,Aquamarine,8,13.86,7683
ME28 1248 1502 6613 8968 70,Fuscia,basic,classic,panty,Fuscia,9,52.45,7682
FO06 8225 0414 0468 05,Pink,accent,classic,panty,Pink,4,84.49,3971
SI97 3976 5667 1983 294,Teal,accent,classic,panty,Teal,7,72.24,5800
FI11 9250 9051 0942 88,Aquamarine,accent,classic,panty,Aquamarine,5,32.31,9253
LB87 6388 JVUL BHQP KPPY 2GVY 76WH,Turquoise,body art,classic,panty,Turquoise,4,67.3,9786
FR13 0263 0392 26H4 OFGT MZ6L H62,Maroon,cotton,classic,panty,Maroon,5,0.01,8784
AD49 0969 6278 USHD OCCK 0DUM,Green,accent,classic,panty,Green,3,62.08,5528
GT54 1QOU NYUM PSWY 6ZJD JJLP 1IYQ,Goldenrod,classic,classic,panty,Goldenrod,5,55.01,4550
ME11 5035 4691 4619 9961 07,Indigo,basic,classic,panty,Indigo,9,28.54,7128
GI57 TUJL O9XO YHTZ QSLM S99,Violet,accent,classic,panty,Violet,8,62.44,4059
AT60 1674 2532 7680 2754,Mauv,accent,classic,panty,Mauv,1,63.04,2074
ME32 8182 1470 7529 4632 58,Aquamarine,body art,classic,panty,Aquamarine,5,84.19,9912
MK09 105J 4TUQ HPF9 E44,Goldenrod,accent,classic,panty,Goldenrod,5,15.95,2082
IL40 4909 2567 9267 7953 765,Puce,classic,classic,panty,Puce,3,55.13,2913
FR62 1682 3466 98AC TE74 LDPT D41,Yellow,classic,classic,panty,Yellow,6,72.68,6789
FR35 5527 5137 99FC SLIS JL2B J34,Goldenrod,basic,classic,panty,Goldenrod,7,82.72,6845
FR82 0482 7707 51JD ACPS B6BK G64,Purple,cotton,classic,panty,Purple,7,75.24,9609
ES21 1199 1198 5248 2735 3522,Mauv,body art,classic,panty,Mauv,2,53.33,1839
FR08 6134 2702 28DB XFU9 NETB 169,Crimson,accent,classic,panty,Crimson,4,98.19,7820
PT48 6204 7850 9492 0856 7155 8,Red,classic,classic,panty,Red,3,94.55,6620
ME53 0010 5943 8691 7438 03,Yellow,classic,classic,panty,Yellow,3,65.4,1722
AE58 0900 3781 2577 4872 835,Red,classic,classic,panty,Red,7,21.06,4086
SA17 51EA 9HAO FNHX LQN4 JJYE,Green,accent,classic,panty,Green,7,17.17,6828
IL53 5322 5499 4122 7147 403,Pink,cotton,classic,panty,Pink,9,64.57,5231
CZ69 1531 3589 3827 5084 2020,Turquoise,cotton,classic,panty,Turquoise,5,63.43,5800
TR30 3960 0XK3 ZR78 AJWB OTGU 5G,Pink,classic,classic,panty,Pink,9,46.49,1808
SK56 5402 9444 1578 6340 9513,Maroon,basic,classic,panty,Maroon,9,10.75,1915
CZ09 5488 2710 4208 1927 3162,Orange,body art,classic,panty,Orange,8,39.67,3928
DE69 3396 3642 6700 0625 27,Orange,accent,classic,panty,Orange,7,82.28,1873
EE14 8832 1689 3101 3949,Indigo,classic,classic,panty,Indigo,1,45.52,9424
FR90 0975 3891 035G AYGE WRN8 D15,Goldenrod,body art,classic,panty,Goldenrod,3,39.99,8551
EE23 1098 8246 8878 1474,Orange,cotton,classic,panty,Orange,7,26.18,4703
RO64 JWOI S4DX QKYB LJLQ 3UCX,Aquamarine,classic,classic,panty,Aquamarine,7,4.13,8484
CR61 7264 8970 7791 9705 9,Green,body art,classic,panty,Green,2,93.82,6670
EE04 8751 6355 3202 3841,Blue,accent,classic,panty,Blue,3,53.26,5466
HU29 6840 0274 4317 3893 9838 6308,Maroon,body art,classic,panty,Maroon,5,14.64,8911
RS52 7060 5683 3739 0957 18,Goldenrod,accent,classic,panty,Goldenrod,2,39.49,5156
AD48 2138 3183 UGZA CBGO LIWS,Goldenrod,accent,classic,panty,Goldenrod,9,43.28,5399
AE73 6172 0488 6844 1245 905,Crimson,accent,classic,panty,Crimson,8,26.62,6890
AT30 2673 0749 6692 3548,Crimson,body art,classic,panty,Crimson,5,60.22,3553
IT38 N559 1192 987H CJQO 30UZ 0EG,Yellow,basic,classic,panty,Yellow,3,82.19,3087
NL47 OEGS 7313 4903 74,Blue,cotton,classic,panty,Blue,5,50.88,3331
FR25 5789 9637 73YG ABS8 OTXY R95,Khaki,classic,classic,panty,Khaki,3,72.7,6224
SA35 90KM 5IME QO49 LZ8R L6S8,Violet,classic,classic,panty,Violet,6,40.17,1240
FI37 5488 1841 2332 38,Aquamarine,body art,classic,panty,Aquamarine,2,50.96,9553
LI46 7013 63GV 6YUH LBOY 4,Fuscia,body art,classic,panty,Fuscia,2,55.76,5477
AD68 3335 8800 OKZS UMSS OAMN,Blue,cotton,classic,panty,Blue,2,47.29,8342
SE84 8353 7896 2338 2930 5209,Maroon,basic,classic,panty,Maroon,4,93.98,1867
AL87 4395 0033 8BUT VACM LXKE 1YZH,Indigo,accent,classic,panty,Indigo,6,4.61,7935
ME56 5119 4101 1303 7224 51,Crimson,accent,classic,panty,Crimson,8,43.23,8394
MD60 IK6B PBNP IY7P RPRH OHGH,Crimson,classic,classic,panty,Crimson,8,83.41,7439
FR55 4934 1442 22RM IHSW X4K2 383,Blue,classic,classic,panty,Blue,8,55.89,1700
SE79 9482 3352 2120 3583 3659,Aquamarine,basic,classic,panty,Aquamarine,9,87.88,2246
GR86 7778 253F JEVV 8G55 7UFS 4RN,Puce,basic,classic,panty,Puce,7,0.96,4615
FR48 8173 0057 09KA FRRW 3WNM 865,Orange,basic,classic,panty,Orange,5,47.46,3792
PT70 4160 1236 9484 9645 3736 6,Khaki,accent,classic,panty,Khaki,2,15.1,6217
VG07 MCBL 0388 7635 4744 1766,Mauv,basic,classic,panty,Mauv,7,29.35,8399
MK82 441T GVUO NWPH O71,Yellow,basic,classic,panty,Yellow,6,77.38,8590
NL11 CLJN 1141 5844 14,Goldenrod,accent,classic,panty,Goldenrod,7,86.69,2498
DO85 O5H4 7429 4498 8856 7338 6974,Puce,body art,classic,panty,Puce,9,31.46,2555
IS69 7922 7695 0142 9450 7000 94,Blue,body art,classic,panty,Blue,1,63.12,3593
CZ54 6849 7342 8995 9289 7977,Mauv,body art,classic,panty,Mauv,5,3.47,1279
FR58 3181 9084 29AC VNOF KGMT L76,Green,basic,classic,panty,Green,5,98.79,3376
FR31 4137 9796 22PA MLQ6 ASMA C13,Blue,basic,classic,panty,Blue,5,34.6,2120
SK74 4547 4290 1128 4026 6635,Maroon,classic,classic,panty,Maroon,7,64.05,2662
FR57 4559 9595 93KT LQP2 W7Q6 F94,Violet,classic,classic,panty,Violet,8,27.7,9320
MK63 9863 VOSR AZAL U01,Crimson,body art,classic,panty,Crimson,2,50.82,9012
FR37 5144 8268 27QT 1YOK NY4N Z49,Green,cotton,classic,panty,Green,1,78.89,6371
BE38 0088 2641 2662,Teal,cotton,classic,panty,Teal,6,1.55,9348
IT03 G635 8933 226D LDCW XKEP SFN,Mauv,cotton,classic,panty,Mauv,7,66.14,6021
GL52 0234 6951 5032 46,Orange,cotton,classic,panty,Orange,4,0.82,9694
SK86 4561 6766 8718 2374 5158,Orange,classic,classic,panty,Orange,6,16.69,1835
BH74 UDGX MJHS FU3H RBXH H5,Fuscia,accent,classic,panty,Fuscia,7,51.91,5925
FO89 5155 6283 8508 17,Goldenrod,classic,classic,panty,Goldenrod,2,32.72,7948
PT51 1535 8331 7425 4437 9087 0,Pink,classic,classic,panty,Pink,5,41.84,9184
ME54 0447 5094 4581 5407 76,Turquoise,accent,classic,panty,Turquoise,8,63.47,8147
GB52 BGQH 6307 7373 8606 36,Crimson,accent,classic,panty,Crimson,1,14.34,8218
