S_NUMBER;C_CODE;Location_DESC;Latitude;Longitude;ROAD1;ROAD2;DT;DT2;AI92;BN92;AI95;GPL;AI98
1;BY;Брестская обл., г. Брест, ул. Московская;52.1076;23.8006;;;1;0;1;0;1;1;1,,,,
1;BY;г.Могилев, пр-кт Димитрова;53.872944;30.372167;;;1;0;1;0;1;0;1,,,,,
1;BY;г. Витебск, Бешенковичское шоссе, 52;55.152046;30.127077;М-3;;1;0;1;1;1;1;0,,,,
1;BY;Пересвятовский Сельский Совет, 37;52.34;30.353889;;;1;0;1;0;0;1;0,,,,,
1;BY;г. Борисов, ул. Строителей,21а;54.206233;28.500883;;;1;0;1;0;1;0;0,,,,
1;BY;г. Минск, ул. Левкова, 37а;53.874166;27.555833;;;1;0;1;0;1;0;0,,,,
1;BY;г. Марьина Горка, ул. Октябрьская, 60;53.494176;28.157419;;;1;1;1;1;1;0;0,,,,
1;BY;г. Лида, пр-т Победы, 141;53.87371;25.316796;;;1;0;1;0;1;1;0,,,,
1;BY;г. Гродно, пр-т Космонавтов;53.673611;23.87;;;1;1;1;0;1;1;0,,,,,
10;BY;г. Брест, ул. Писателя Смирнова, д. 155А;52.12092;23.63305;;;1;0;1;0;1;0;0,,,,
10;BY;г. Белыничи, ул.Строителей;53.98425;29.708778;М-4;;1;0;1;0;1;1;0,,,,,
10;BY;пересечение а/д М-3 и Р-111;55.016815;29.439538;М-3;Р-111;1;0;1;0;0;0;0,,,,,,
10;BY;г. Минск, Некрасова, 112;53.939722;27.571389;;;1;0;1;0;1;0;1,,,,
10;BY;г. Гомель, Ильича, 292;52.348889;31.030833;М-8;;1;0;1;0;1;1;0,,,,
10;BY;М-1,443-й км,5,а/д Брест-Минск-граница РФ;54.268;28.69225;М-1;;1;0;1;0;1;0;1,,,
10;BY;Ивьевский р-н,Р-48,95км,1;54.012042;25.901757;Р-48;;1;0;1;0;1;0;0,,,
10;BY;г. Скидель;53.578888;24.238333;М-6;;1;1;1;0;1;0;0,,,,,,
11;BY;Брестская обл., г. Брест, пр-д Крепостной, 4;52.0752;23.6706;Р-17;;1;0;1;0;1;0;0,,,
11;BY;г. Дрибин;54.11625;31.128766;;;1;0;1;0;1;0;0,,,,,,
11;BY;Витебский р-н, М-8, 89 км, 2;55.1545;30.342583;М-8;;1;0;1;1;1;1;0,,,
11;BY;Паричский Поселковый Совет с/с, 3;52.820833;29.403889;Р-31;;1;0;1;0;1;0;0,,,,,
11;BY;г. Мядель, ул. Интернациональная, 8;54.883206;26.938655;Р-28;;1;0;1;0;1;0;0,,,,
11;BY;г. Минск, Маяковского, 2а;53.887222;27.563888;;;1;0;1;0;1;0;0,,,,
11;BY;г. Новогрудок, ул. Минская, 87;53.598333;25.847778;;;1;1;1;0;1;1;0,,,,
12;BY;Брестская обл., Каменецкий р-н, Р-16, 36-й км,2, севернее г. Высокое;52.3825;23.3717;Р-16;;1;0;1;0;1;0;0,
12;BY;г.п. Октябрьский, ул.Бумажкова, 28а;52.648611;28.878611;Р-34;;1;0;1;0;1;0;0,,,,
12;BY;г. Вилейка, пер.Гидростроителей 5;54.510676;26.958977;Р-63;;1;0;1;0;1;0;0,,,,,
12;BY;г. Гродно, ул. Пушкина, 35А;53.697222;23.831667;;;1;0;1;0;1;0;0,,,,
12;BY;г. Минск, Долгиновский тракт, 172;53.960556;27.537222;Р-58;;1;0;1;0;1;1;0,,,,
12;BY;Гродненская обл., Вороновский р-н М-11,4 км (2);54.236111;25.355;М-11;;1;0;1;0;1;0;0,,,,
12;BY;Могилевский р-н, Полыковичский с/с 6;53.969611;30.350806;;;1;0;1;0;1;0;0,,,,,
13;BY;Брестская обл., Брестский р-н, г.п. Домачево, ул. Комсомольская, 51;51.7406;23.6058;;;1;0;1;0;0;0;0,,
13;BY;г.п. Езерище, ул. Ленинская;55.84467;29.972797;М-8;;1;0;1;1;1;0;0,,,,,
13;BY;трасса Р-23, 183-й. км., 1;52.3475;27.452222;Р-23;;1;0;1;0;1;0;0,,,,
13;BY;г. Вилейка, ул. 1 Мая, 92;54.488694;26.88747;Р-28;;1;0;1;0;0;0;0,,,,
13;BY;г.Минск ул. Уборевича, 105;53.833889;27.602777;М-9;;1;0;1;0;1;1;0,,,,,
13;BY;г.п. Острино;53.739444;24.534166;Р-51;;1;0;1;0;1;1;0,,,,,,
13;BY;г.п. Радунь;54.058611;25.016791;Р-135;Р-145;1;0;1;0;0;0;0,,,,,,
14;BY;Чирковичский с-с., 8;52.662544;29.625556;Р-82;Р-149;1;0;1;0;1;0;0,,,,,
14;BY;878 км автодорога Санкт-Петербург-Одесса;54.218889;30.451056;М-8;;1;0;1;0;1;0;0,,,,,,
14;BY;г. Витебск, ул. Титова, 160;55.193055;30.140833;Р-20;;1;1;1;1;1;1;0,,,,
14;BY;Вилейский р-н, Осиповичский с/с, 5;54.460215;26.865091;Р-28;;1;0;1;0;1;0;0,,,,
14;BY;а/д Брест-граница РФ 346 км. (лево);53.723726;27.504024;М-1;;1;0;1;0;1;1;0,,,,,,
14;BY;Брестская обл., г. Брест, ул. Коммерческая, 2;52.1174;23.7714;;;1;0;1;0;1;0;0,,,
14;BY;Республика Беларусь, Гродненская обл., Гродненский р-н, Путришковский с/с,8, МАЗС-14  в р-не д. Большая Каплица;53.690833;23.889444;Р-145;;1;1;1;0;1;1;0,
14;BY;д. Белица;53.648611;25.310833;;;1;0;1;0;1;0;0,,,,,,
15;BY;Брестская обл., г. Брест, ул. Московская, 335;52.1037;23.7898;;;1;0;1;0;1;0;0,,,
15;BY;г. Гомель, ул. Федюнинского, 19В;52.486316;30.996427;;;1;0;0;1;1;1;0,,,,
15;BY;Быховский р-н, д. Воронино;53.525444;30.341389;М-8;;1;0;1;0;1;1;0,,,,,
15;BY;Вилейский р-н, Ильянский с/с, 16;54.412952;27.276128;Р-58;;1;0;1;0;0;0;0,,,,
15;BY;г.п. Сураж, ул. Витебская, 41;55.401867;30.708844;Р-122;;1;0;1;0;0;0;0,,,,
15;BY;г. Минск, ул. Железнодорожная, 21;53.875833;27.506111;;;1;0;1;0;1;0;1,,,,
15;BY;г.п. Новоельня, ул.Дятловская, д. 2/1;53.465883;25.580444;;;1;0;1;0;1;0;0,,,,
15;BY;д. Заболоть;53.933081;24.803333;Р-145;;1;0;1;0;0;0;0,,,,,,
16;BY;г. Гомель, ул.8 Иногородняя, 11;52.439722;30.941944;;;1;0;1;0;1;1;0,,,,
16;BY;г. Шклов, ул. 70 лет Великой Победы, 20а;54.222278;30.282389;;;1;0;1;0;1;1;0,,,,
16;BY;д. Азино, ул. Октябрьская, 7б;55.625;28.647777;;;1;0;1;0;1;0;0,,,,
16;BY;Вилейский р-н, Долгиновский с/с, а.г. Долгиново, ул. Пролетарская, 3А;54.64748;27.468865;Р-29;;1;0;1;0;0;0;0,,
16;BY;М-6, 289км, 2;53.540333;23.695395;М-6;Р-99;1;0;1;0;1;0;0,,,,
16;BY;Брестская обл., г. Брест, ул. Мошенского, 96;52.1141;23.739;;;1;0;1;0;1;0;0,,,
16;BY;д. Муравщизна;53.914722;25.76859;Р-5;;1;0;1;0;0;0;0,,,,,,
16;BY;РБ, Минская обл., Смолевичский р-н, а/д М1/Е30 Брест (Козловичи) - Минск  - граница РФ (редьки) на 376,1 км;53.861702;27.903167;М-1;;1;0;1;0;1;0;1,,
17;BY;д.Достижение ,Глусский р-он, Могилевская обл.;52.889393;28.675158;Р-55;;1;0;1;0;1;0;0,,,,
17;BY;г.п. Лиозно, Р-21, 40 км, 1;55.034419;30.779843;Р-21;;1;0;1;0;1;1;0,,,
17;BY;Ереминский с/с., ул. Советская, 179а;52.489167;30.965556;М-5;М-8;1;1;1;0;1;1;0,,,,
17;BY;Мядельский р-н, кп Нарочь,  ул. Октябрьская, 35;54.91141;26.700411;Р-60;;1;0;1;0;1;0;0,,,
17;BY;г. Гродно ул. Ткацкая, 38;53.677777;23.763055;;;1;0;1;0;1;0;0,,,,,
17;BY;Брестская обл., г. Брест, пер. Авиационный, 20;52.1005;23.6753;;;1;0;1;0;1;0;0,,,
17;BY;г. Минск, Монтажников, 3;53.870833;27.418888;М-9;;1;0;1;0;1;1;0,,,,
17;BY;Вороновский р-он, М-11, 4-й км, 1;54.234166;25.3575;М-11;;1;0;1;0;1;0;0,,,
18;BY;Брестская обл., Каменецкий р-н, Каменюкский с/с, аг. Каменюки, ул. Пущанская, д. 2А;52.5544;23.7951;Р-83;;1;0;1;0;1;0;0,
18;BY;г. Ивье, ул. 1- Мая, 121-б;53.941985;25.756017;;;1;0;1;0;1;0;0,,,,
18;BY;г. Гомель, ул. Героев подпольщиков, 20;52.468056;30.974444;;;1;0;1;0;1;0;0,,,,
18;BY;Папернянский с/с, Р-58, 13 км, 4;54.013956;27.546909;Р-58;;1;0;1;0;1;1;0,,,
18;BY;д. Озеры;53.721389;24.195;Р-40;;1;0;1;0;1;0;0,,,,,,
18;BY;Докшицкий р-н, бегомльский с/с, 2;54.716111;28.043333;М-3;;1;0;1;0;1;1;0,,,,
18;BY;п. Колядичи ул. Бабушкина;53.827759;27.579093;;;1;0;1;0;1;1;0,,,,,,
18;BY;Осиповичский р-н., д. Теплухи, 102км а/д Минск-Гомель;53.3312;28.684116;М-5;;1;0;1;0;1;1;0,,,,
19;BY;г. Буда-Кошелево, ул. Комсомольская, 1;52.7125;30.569722;;;1;0;1;0;1;0;0,,,,
19;BY;г. Мстиславль;54.006819;31.662928;Р-73;;1;0;1;0;1;1;0,,,,,,
19;BY;Горанский с/с, М-6, 21 км, 3;53.913888;27.254444;М-6;;1;0;1;0;1;0;1,,,
19;BY;Брестская обл., Малоритский р-н, М-12, 41-й км, 1;51.891944;24.1425;М-12;Р-17;1;0;1;0;1;1;0,,
19;BY;г.п. Воропаево, ул. Гоголя, 19;55.129444;27.205;;;1;0;1;0;0;0;0,,,,
19;BY;д. Поречье;53.881944;24.131111;Р-42;;1;0;1;0;1;0;0,,,,,,
19;BY;а/д М-9 МКАД 34 км (лево);53.9034;27.406136;М-9;;1;0;1;0;1;1;0,,,,,,
19;BY;Вороновский р-он, Р-89, 18-й км, 7;54.040259;25.425087;Р-89;Р-135;1;0;1;0;1;0;0,,,
2;BY;г. Гродно ул. Мясницкая,4;53.721389;23.817222;;;1;1;1;0;1;1;0,,,,,
2;BY;59-й километр автодороги Минск-Гомель;53.546243;28.167413;М-5;;1;1;1;1;1;1;0,,,,,,
2;BY;Брестская обл., г. Брест, ул. Лейтенанта Рябцева, 134;52.1478;23.6849;Р-83;;1;0;1;0;1;0;0,,,
2;BY;Пересвятовский Сельский Совет, 38;52.266944;30.254444;М-10;;1;0;1;0;1;1;0,,,,,
2;BY;г. Витебск, ул. Воинов - Интернационалистов;55.166172;30.198984;;;1;0;1;0;1;0;1,,,,,
2;BY;а/д Минск-Молодечно, 17км, лево;53.949753;27.331613;Р-28;;1;0;1;0;1;1;0,,,,
2;BY;г. Борисов, ул. Гагарина, 72;54.198683;28.472533;Р-53;;1;0;1;0;1;0;0,,,,
2;BY;д. Островля;53.870066;25.255278;;;1;0;1;0;1;1;0,,,,,,
2;BY;г. Могилев, ул. Первомайская, 146;53.934028;30.334056;;;1;0;1;0;1;1;0,,,,
20;BY;Брестская обл., Брестский р-н, Томашовский с/с, аг. Томашовка, ул. Лесная, 5;51.5569;23.6105;Р-94;;1;0;1;0;1;0;0,
20;BY;г. Кричев, ул. Московская;53.705639;31.70975;;;1;0;1;0;1;1;0,,,,,
20;BY;г. Гомель, ул. Хатаевича, 40;52.443611;31.022778;;;1;0;1;0;1;0;0,,,,
20;BY;г. Лида, ул. Красноармейская,110;53.892383;25.253283;;;1;0;1;0;1;1;0,,,,
20;BY;аг. Крулевщина, ул. Черняховского, 128;55.038358;27.789656;;;1;0;1;0;0;0;0,,,,
20;BY;Минская обл.,Несвижский р-н,Р-91, 169-й км , 2;53.216151;26.39101;Р-91;;1;0;1;0;1;0;0,,
20;BY;РБ, Минская обл, Минский р-н, Ждановичский с/с, М-6,20-й км.1;53.916361;27.276288;М-6;;1;0;1;0;1;0;1,
21;BY;г. Бобруйск, ул. Рогачевская, 35;53.140666;29.303116;;;1;0;1;0;1;1;0,,,,
21;BY;Брестская обл., г. Барановичи, ул. Доменикана, д. 167;53.143701;25.958138;Р-2;;1;0;1;0;1;0;0,,,
21;BY;Глубокский р-н, Обрубский с/с, 2;55.116194;27.67044;Р-3;Р-45;1;0;1;1;1;0;0,,,,
21;BY;а/д Минск-Мядель, 10 км (право);53.97928;27.536322;Р-58;;1;0;1;0;1;1;0,,,,,
21;BY;г. Волковыск, ул. Жолудева;53.15198;24.42868;;;1;1;1;0;1;0;0,,,,,
21;BY;г. Гомель, ул. Докутович, 57а;52.44;30.990278;;;1;0;0;1;1;0;1,,,,
21;BY;Минская обл., Столбцовский р-н,г. Столбцы, ул. Магистральная, 1;53.489926;26.733338;Р-2;;1;0;1;0;1;0;0,,
21;BY;Лидский р-н трасса м-6 172км Минск-Гродно  1;53.844658;25.183266;М-6;;1;1;1;0;1;0;0,,,,,,
22;BY;г. Бобруйск. ул.Чапаева 65;53.144853;29.188294;;;1;0;1;0;1;0;0,,,,,,
22;BY;г. Поставы, ул. Советская, 108;55.098414;26.838948;;;1;0;1;1;1;1;0,,,,
22;BY;г. Речица, ул. Молодежная, 11;52.352222;30.405556;;;1;0;0;1;1;1;0,,,,
22;BY;Брестская обл., г. Барановичи, ул. Фроленкова 2Д;53.114722;26.061667;;;1;0;1;0;0;1;0,,,,
22;BY;г. Минск, ул. Володько, 3;53.884392;27.562536;;;1;0;1;0;1;0;0,,,,
22;BY;г. Мосты, ул. Волковича, 8а;53.41173;24.52484;;;1;0;1;0;1;1;0,,,,
22;BY;Минская обл.,Клецкий р-н,г. Клецк, ул. Ленина, 54;53.079444;26.641666;Р-12;;1;0;1;0;1;0;0,,
22;BY;Лидский район,д.Новоселки Дубровенский с/с,82;53.895525;25.343136;;;1;0;1;0;1;0;0,,,,
23;BY;Браславский р-н, Межанский с/с, Р-27, 217 км, 1;55.639358;26.991832;Р-3;;1;0;1;1;1;0;0,,
23;BY;г. Речица, Светлогорское шоссе, 1Д;52.366944;30.344444;Р-82;;1;0;1;0;1;0;0,,,,
23;BY;ул. Марфицкого-Журавлевича, 1;53.103611;25.993056;;;1;0;1;0;0;0;0,,,,,
23;BY;Минская обл.,Несвижский р-н, Р-11, 132-й км, 1;53.24146;26.632222;Р-11;;1;0;1;0;1;1;0,,
23;BY;Гродненская обл., Щучинский р-н, М-6, 212-й км, 3;53.62573;24.72896;М-6;;1;1;1;0;1;1;0,,
23;BY;г. Бобруйск, ул. Орловского, 22;53.131431;29.179645;;;1;0;1;0;0;0;0,,,,
24;BY;д. Березовичи;53.119244;29.137191;Р-43;;1;0;1;0;1;1;0,,,,,,
24;BY;г. Светлогорск, ул. Калинина, 2;52.619114;29.727998;;;1;0;1;0;1;1;0,,,,
24;BY;Брестская обл., Ивацевичский р-н, М-1, 149-й км, 1;52.694722;25.352222;М-1;;1;0;1;0;1;0;0,,
24;BY;г. Докшицы, ул. Советская;54.904465;27.747779;Р-3;;1;0;1;0;1;0;0,,,,,
24;BY;Минская обл., Минский р-н, Щомыслицкий с/с, 28 км МКАД район аг. Озерцо;53.845367;27.414287;;;1;0;1;0;1;0;0,,,
24;BY;Гродненская область, г.п. Большая Берестовица;53.20528;24.00485;;;1;1;1;0;1;1;0,,,,,
24;BY;Минская обл.,Столбцовский р-н,М-1, 288-й км, 2;53.53286;26.765;М-1;;1;0;1;0;1;0;0,,
25;BY;г. Гомель, ул. Б.Хмельницкого;52.404722;30.976111;;;1;0;0;1;1;1;0,,,,,
25;BY;Брестская обл., Ивацевичский район, М-1, 149-й км, 2;52.693889;25.3525;М-1;;1;0;1;0;1;0;0,,
25;BY;г. Шарковщина, ул. Полевая, 2А;55.353888;27.485555;Р-3;Р-18;1;0;1;0;1;0;0,,,,
25;BY;Попернянский с/с а/д Р-58 11 км.;53.987777;27.535;Р-58;;1;0;1;0;1;1;0,,,,,,
25;BY;Минская обл.,Столбцовский р-н,М-1, 288-й км, 1;53.533611;26.764689;М-1;;1;0;1;0;1;0;0,,
25;BY;г. Волковыск, ул. Рокоссовского, 35;53.14347;24.48105;Р-99;;1;0;1;0;1;1;0,,,,
25;BY;г. Бобруйск, ул. 50 лет ВЛКСМ;53.164666;29.179972;;;1;0;1;0;1;1;0,,,,,
26;BY;Брестская обл., Ляховичский р-н, Р-43, 434-й км, 1;52.956111;26.304722;Р-43;;1;0;1;0;0;0;0,,
26;BY;д. Бол. Бортники;53.12035;29.570633;Р-43;;1;0;1;0;0;0;0,,,,,,
26;BY;Миорский сельсовет, а/д Р14, 71 км, 1;55.616708;27.675452;Р-14;;1;0;1;0;1;1;0,,,
26;BY;Красненский с/с.,10, вблизи аг. Красное;52.470128;30.942349;М-5;;1;0;1;0;0;1;0,,,,
26;BY;г.п. Красносельский, ул. 17-го Сентября;53.27171;24.42109;;;1;0;1;0;1;0;0,,,,,
26;BY;Минская обл.,Клецкий р-н, Грицевичский с/с,Р-43, 409-й км, 1;52.971666;26.69937;Р-43;;1;0;1;0;1;0;0,
26;BY;г. Минск, ул. Тимирязева, 66;53.92225;27.514283;;;1;0;1;0;1;1;1,,,,
27;BY;г. Бобруйск, ул. Крупской;53.132783;29.239616;;;1;0;1;0;0;1;0,,,,,
27;BY;г. Гомель, ул. Лазурная, 11а;52.410556;30.913611;;;1;0;1;0;0;0;0,,,,
27;BY;Брестская обл., Ивацевичский р-н, Р-2, 144-й км, 2;52.700833;25.319444;Р-2;;1;0;1;0;1;0;0,,
27;BY;г. Минск, ул. В.Сырокомли, 9;53.843055;27.559166;;;1;0;1;1;1;1;0,,,,
27;BY;г.п. Видзы, ул. Браславская, 61;55.405619;26.631838;Р-27;;1;0;1;0;1;0;0,,,,
27;BY;Гродненская обл.,Кореличский р-н, г.п. Мир, ул. Красноармейская, 46;53.458611;26.452222;Р-64;;1;0;1;0;1;1;0,,
27;BY;г. Свислочь;53.04339;24.09101;;;1;1;1;0;1;1;0,,,,,,
28;BY;г. Бобруйск , ул.Генерала Батова, д. 1а;53.18845;29.2145;;;1;0;1;0;1;1;0,,,,
28;BY;г. Молодечно, ул. Машерова, 39 В;54.293968;26.82279;Р-56;;1;0;1;0;1;0;0,,,,
28;BY;н.п. Прозороки, Дисненский тракт, 5;55.300645;28.215931;Р-28;;1;0;1;0;1;0;0,,,,
28;BY;0, 5 км северо-восточнее д. Новый Свет, Барановичского района;53.191128;26.076048;М-1;;1;0;1;0;1;1;0,,,,
28;BY;а/д Брест-граница РФ 346 км. (право) район д. Углы;53.723056;27.505278;М-1;;1;1;1;0;1;0;0,,,,,,
28;BY;Терюхский с/с., вблизи аг. Новая Гута;52.101615;30.971571;М-8;;1;0;1;0;1;1;0,,,,,
28;BY;а.г. Олекшицы;53.34586;23.94551;;;1;0;1;0;1;0;0,,,,,,
29;BY;д. Сычково;53.214917;29.082722;М-5;;1;0;1;0;1;1;0,,,,,,
29;BY;г. Гомель, ул. Луговая;52.405556;31.021667;;;1;0;0;1;1;0;0,,,,,
29;BY;г. Молодечно, ул. Великий Гостинец, 160;54.293964;26.900616;Р-106;;1;0;1;0;1;1;0,,,,
29;BY;г. Заславль, ул. Великая, 53;53.991944;27.303055;Р-28;;1;0;1;0;1;0;1,,,,
29;BY;г.п. Подсвилье, ул. Железнодорожная, 1А;55.154285;27.939839;;;1;0;1;0;0;0;0,,,,
29;BY;д. Чемеры;53.095278;25.241389;Р-99;;1;0;1;0;0;0;0,,,,,,
3;BY;автодорога Смолевичи-Шацк, 49-й км (лево);53.656088;27.944033;Р-69;;1;1;1;1;0;0;0,,,,,
3;BY;Брестская обл., Каменецкий р-н, Видомлянский с/с,5,0,2 км западнее  аг. Видомля;52.3247;23.7756;Р-82;Р-83;1;0;1;0;1;0;0,
3;BY;г. Горки;54.262416;30.963283;Р-70;;1;0;1;0;1;1;0,,,,,,
3;BY;г. Витебск, ул. Ленинградская, 178а;55.225734;30.115542;;;1;0;1;0;1;1;0,,,,
3;BY;Борщевский Сельский Совет, 16;52.338333;30.550833;М-10;;1;0;1;0;1;0;0,,,,,
3;BY;г. Гродно, ул. Пучкова, 38Г;53.64894;23.803023;;;1;0;1;0;1;0;0,,,,
3;BY;г. Минск, Серова, 2;53.842778;27.535555;;;1;0;1;0;1;1;1,,,,
3;BY;Борисовский район , М1,443-й км,4,а/д Брест-Минск-граница  РФ.;54.269433;28.6908;М-1;;1;0;1;0;1;0;0,,
3;BY;с/с Третьяковский в р-не аг.Едки,124;53.838286;25.344623;М-11;;1;0;1;0;1;0;0,,,,,
30;BY;г. Друя, ул. Брасловская, 64;55.785446;27.430243;;;0;0;1;0;0;0;0,,,,
30;BY;г. Молодечно, ул. Мира, 3А;54.296465;26.855976;;;1;0;1;0;1;1;0,,,,
30;BY;г. Барановичи, ул. Доменикана, 4;53.155278;25.9925;Р-2;;1;0;1;0;1;0;0,,,,
30;BY;РБ, Минская обл, Минский р-н, Р-1, 12-й км, 2;53.817929;27.428333;Р-1;;1;0;0;1;1;1;0,
30;BY;г. Дятлово, ул. Советская, 107;53.48;25.413333;М-11;;1;1;1;0;1;1;0,,,,
31;BY;г. Кличев, ул. Я.Зайца, 21A;53.478667;29.342556;;;1;0;1;0;1;1;0,,,,
31;BY;76-й км (лево) а/д Минск-Гродно;54.06314;26.52573;М-6;;1;0;1;0;1;0;0,,,,,,
31;BY;г. Гомель, ул. Украинская, 23а;52.423889;30.991389;;;1;0;1;0;1;0;0,,,,
31;BY;Брестская обл., Ляховичский р-н, г. Ляховичи, ул. Орловского, д. 2/1;53.043056;26.2475;Р-4;;1;0;1;0;1;0;0,,
31;BY;Докшицкий р-н, Волоколатский с/с, 1;54.92352;27.358073;Р-86;;1;0;1;0;0;0;0,,,,
31;BY;Минский р-н., д. Боровая, 42;53.963611;27.6175;М-9;;1;1;1;0;1;0;0,,,,
31;BY;г.п. Зельва, ул. Шоссейная,1;53.141944;24.803056;Р-50;Р-99;1;0;1;0;1;1;0,,,,
32;BY;г. Кировск, ул. Гагарина;53.279683;29.489683;Р-93;;1;0;1;0;1;0;0,,,,,
32;BY;г. Жлобин, ул. Промышленная, 19а;52.881944;30.009167;;;1;0;1;0;1;0;0,,,,
32;BY;г. Молодечно, ул. Городокская 113;54.29795;26.869412;;;1;0;1;0;1;0;0,,,,,
32;BY;Брестская обл., Барановичский р-н, Городищенский поселковый Совет с/с,0,9 км южнее г.п. Городище;53.284722;26.0375;Р-5;;1;0;1;0;1;1;0,,
32;BY;г. Минск, Гурского, 30 Б;53.882222;27.475277;;;1;0;1;0;1;0;0,,,,
32;BY;г.п. Лынтупы, ул. Лесная, 32;55.043987;26.320635;Р-110;;1;0;1;0;0;0;0,,,,
32;BY;г. Слоним, ул. Багратиона, 2а;53.10;25.332778;;;1;0;1;0;1;1;0,,,,
33;BY;Брестская обл., Ганцевичский р-н, г. Ганцевичи, ул. Матросова, д. 1Б;52.761944;26.455556;Р-13;;1;0;1;0;1;1;0,,
33;BY;г. Лепель, ул.Чуйкова, 199;54.884338;28.728319;Р-86;;1;0;1;0;1;1;0,,,,
33;BY;г. Жлобин;52.922946;30.008640;М-5;;1;0;1;0;0;0;1,,,,,,
33;BY;г. Воложин, ул. Пушкина;54.093484;26.543981;;;1;0;1;0;1;1;0,,,,,
33;BY;г. Минск, Корженевского, 18а;53.840556;27.525556;;;1;0;1;0;1;0;0,,,,
33;BY;д. Новая Стража;53.058056;25.474167;Р-99;;1;1;1;0;1;0;0,,,,,,
34;BY;г.п. Ушачи, ул. Ленинская, 1А;55.179332;28.635019;Р-113;Р-116;1;0;1;0;1;1;0,,,,
34;BY;г. Ветка, ул. Луначарского, 46;52.571666;31.161666;;;1;0;1;0;1;0;0,,,,
34;BY;г. Барановичи, пр-т Машерова, 3;53.15;26.070556;;;1;0;1;0;1;0;1,,,,
34;BY;г.п. Ивенец, ул. 17-го Сентября;53.902573;26.756546;;;1;0;1;0;1;0;0,,,,,
34;BY;г.п. Елизово;53.386674;29.009708;;;1;0;1;0;0;0;0,,,,,,
34;BY;г. Минск, ул.Прушинских, 33;53.835;27.578055;;;1;0;1;0;1;0;0,,,,
34;BY;д. Бытень, ул.Слонимская, 2;52.886389;25.490278;М-11;;1;0;1;0;1;0;0,,,,
35;BY;г. Лепель, Оршанское шоссе;54.868538;28.704262;Р-86;;1;0;1;0;0;0;0,,,,,
35;BY;вблизи д. Сосновка (объездная дорога);52.374722;30.825556;М-8;;1;0;1;0;1;1;0,,,,,,
35;BY;Брестская обл., г. Барановичи, ул. Бадака, 17;53.118611;25.950278;;;1;0;1;0;1;1;0,,,
35;BY;г. Молодечно, ул. Великий Гостинец, д. 55А;54.309979;26.812306;;;1;0;1;0;1;0;0,,,,
35;BY;г.п. Козловщина, Красноармейская;53.311389;25.283889;М-11;;1;0;1;0;1;0;0,,,,,
35;BY;г. Минск, ул. Машиностроителей, 34;53.849466;27.67085;М-9;;1;0;1;0;1;0;0,,,,
35;BY;Бобруйский р-н, 155км, а/д М-5 Минск-Гомель;53.189333;29.355278;М-5;;1;0;1;0;1;1;0,,,,
36;BY;г. Бобруйск, 5-ый км. Светлогорское шоссе;53.081824;29.233442;;;1;0;1;0;1;0;0,,,,,
36;BY;г.п. Корма, ул. Ленина, 51;53.136630;30.802693;;;1;0;1;0;1;0;0,,,,
36;BY;Брестская область, Ивацевичский район, 148 км (право) автомобильной дороги Р-44 Гродно-Ружаны-Ивацевичи;Брестская обл., Пинский р-н, Р-147, 27-й км северо-восточнее д. Невель;52.74719;25.17168;Р-44;;1;0;1;0;0;0;0,
36;BY;г. Минск, ул. Стебенева, 3;53.834316;27.554433;М-9;;1;0;1;0;1;0;0,,,,
36;BY;д. Фролковичи;55.207852;29.228086;Р-114;;1;0;1;0;1;0;0,,,,,,
36;BY;г. Слоним, ул. Брестская;53.075556;25.276667;Р-85;;1;1;1;0;1;1;0,,,,,
37;BY;Козенский с/с., д. Наровчизна, ул. Сузько М.И., 40;52.021279;29.208011;Р-36;;1;0;0;1;1;0;0,,,
37;BY;д. Сорочино;55.199122;28.756905;Р-46;;1;0;1;0;1;0;0,,,,,,
37;BY;г. Могилев, ул.Челюскинцев, 8;53.893278;30.325111;;;1;0;0;1;1;0;0,,,,
37;BY;г. Молодечно, ул. Я. Купалы;54.308688;26.904012;;;1;0;1;0;1;1;0,,,,,
37;BY;а/д Минск-Гродно, 11км., право;53.912055;27.398829;М-6;М-9;1;0;0;1;1;1;0,,,,
37;BY;г. Сморгонь, ул. Железнодорожная, 9;54.471944;26.373611;;;1;0;1;0;0;0;0,,,,
38;BY;Боровухский с/с, в р-не д. Чернещино;55.504921;28.739658;Р-20;;1;0;1;1;1;1;0,,,,,
38;BY;д. Будёновка;54.426667;25.905556;;;1;1;1;0;1;1;0,,,,,,
38;BY;г. Рогачев, ул. Пушкина, 69Ж;53.102947;30.045083;Р-36;;1;0;1;0;1;0;0,,,,
38;BY;57-й км а/д Минск-Гродно;54.051493;26.770348;М-6;;1;0;1;0;1;1;0,,,,,,
38;BY;1-ый  км  юго-западнее  деревни  Б.Тростенец;53.854722;27.694722;М-4;;1;0;1;0;1;0;0,,,,,,
38;BY;г. Осиповичи, ул. Юбилейная, 43;53.307133;28.661916;;;1;0;1;0;1;0;0,,,,
39;BY;г. Бобруйск, ул.Ленина 86;53.159941;29.234102;;;1;0;1;0;1;0;0,,,,,
39;BY;г.п. Россоны, ул. Машерово, 60;55.914457;28.817991;Р-13;;1;0;1;0;1;0;0,,,,
39;BY;г. Гомель, ул. Косарева, 20;52.406157;30.917856;;;1;0;1;0;1;1;0,,,,
39;BY;Островецкий район, д. Михалишки;54.811667;26.149722;Р-45;;1;1;1;0;1;0;0,,,,,
39;BY;а/д Минск-Гродно, 11км., лево;53.910277;27.404722;М-6;М-9;1;0;1;0;1;0;0,,,,
39;BY;Минская обл.,Слуцкий р-н, г. Слуцк, ул. Ленина, 117а;53.018136;27.536199;Р-43;;1;0;1;0;1;1;0,,
4;BY;г.п. Смиловичи, автодорога Минск-Могилев, 36-й км (лево);53.760006;28.01817;М-4;;1;1;1;0;1;0;0,,,,
4;BY;Брестская обл., г. Брест, ул. Ковельская, 105;52.0536;23.7234;Р-17;;1;0;1;0;1;1;0,,,
4;BY;трасса М-10, 20-й. км., 1;52.382764;31.347252;М-10;;1;0;1;0;1;0;0,,,,
4;BY;г. Минск, Партизанский, 156а;53.858055;27.678333;М-9;;1;0;1;0;1;0;0,,,,
4;BY;г.п. Сенно, ул. Красноармейская;54.823312;29.737078;;;1;0;0;0;0;0;0,,,,,
4;BY;г. Березовка, ул. Корзюка, 18;53.716471;25.484167;;;1;0;1;1;1;0;0,,,,
4;BY;г. Гродно, ул. Славинского,"2 ""А"";53.646666;23.830277;;;1;0;1;0;1;0;1",,,,
4;BY;г. Борисов, ул. Гагарина, 101;54.200683;28.480333;;;1;0;1;0;1;1;0,,,,
4;BY;Могилевский р-он, Буйничский с/с,3;53.857278;30.254472;Р-93;Р-97;1;0;1;0;1;1;0,,,,
40;BY;г. Рогачев, ул.Кирова, 59;53.07;29.99;Р-43;;1;0;1;0;1;0;0,,,,
40;BY;г. Островец, ул. Ленинская;54.61;25.931944;Р-48;;1;0;0;1;1;1;0,,,,,
40;BY;г. Минск, ул. Машиностроителей, 5;53.85255;27.644433;;;1;1;1;0;1;0;0,,,,
40;BY;Брестская обл., Кобринский р-н, г. Кобрин, ул. Дзержинского, 133;52.189167;24.336667;;;1;0;1;0;1;1;0,,
40;BY;Минская обл.,Солигорский р-н,Чижевский с/с,д.Чижевичи ,ул. Шахтерская,16;52.805555;27.544166;;;1;0;1;0;1;1;0,
40;BY;г. Могилев, ул. Габровская,39;53.871083;30.355694;;;1;0;1;0;1;1;0,,,,
41;BY;вблизи д. Кремное, трасса Р-88, 22-й. км., 1;52.063611;27.773611;Р-88;;1;0;1;0;0;0;0,,,
41;BY;д. Тросно, Минское шоссе;55.434775;28.778668;Р-46;;1;0;1;0;0;0;0,,,,,
41;BY;Мoсковское Шоссе;53.684222;31.687111;Р-43;;1;0;1;0;0;0;0,,,,,,
41;BY;Ошмянский район, д. Каменный Лог;54.533889;25.724167;М-7;;1;1;1;0;1;1;0,,,,,
41;BY;г. Минск, ул.Селицкого, 17 б;53.815;27.689166;;;1;0;1;0;1;0;0,,,,
41;BY;Брестская обл., Кобринский р-н, Буховичский с/с, д. Луцевичи;52.244722;24.411389;Р-2;;1;0;1;0;1;1;0,,,
41;BY;Бокшицкий с/с,13, 1240 м от д.Василинки ,ул. Колхозная ,68;53.050277;27.5625;Р-23;;1;0;1;0;1;1;0,,
42;BY;г. Новополоцк, ул. Ктаторова;55.534422;28.630608;;;1;0;1;1;1;0;0,,,,,
42;BY;г. Могилев, ул. Гришина,94Б;53.916333;30.377556;;;1;0;1;0;1;1;0,,,,
42;BY;г. Ельск, Мозырский тракт, 1;51.8225;29.168889;Р-31;;1;0;1;0;1;1;0,,,,
42;BY;г. Сморгонь, ул. Синицкого, д.17;54.473889;26.415;;;1;0;1;0;1;1;0,,,,
42;BY;г. Минск, ул.Шаранговича, 65;53.880233;27.431383;;;1;0;1;0;1;0;0,,,,
42;BY;Брестская обл., Кобринский р-н, М-1, 60-й км, 1;52.182222;24.366944;М-1;;1;0;1;0;1;0;0,,
42;BY;223712, Республика Беларусь, Минская область, Солигорский р-н, Чижевичский с/с,53, (р-он д.Кулаки);52.804722;27.510833;;;1;0;1;0;1;0;0
43;BY;г.п. Освея;56.007;28.1173;;;1;0;1;0;0;0;0,,,,,,
43;BY;г. Калинковичи, ул. 50 лет Октября, 54;52.124444;29.304167;М-10;;1;1;1;0;1;0;0,,,,
43;BY;г. Могилев, пр-т Шмидта, 1;53.879083;30.312;;;1;0;0;1;1;1;0,,,,
43;BY;г. Минск, ул.Суражская, 8;53.884583;27.533166;;;1;0;1;0;1;0;0,,,,
43;BY;Брестская обл., Кобринский р-н, М-1, 60-й км, 2;52.181667;24.368333;М-1;;1;0;1;0;1;1;0,,
43;BY;а.г.. Василишки;53.77206;24.84647;;;1;0;1;0;1;0;0,,,,,,
43;BY;Минская обл., Солигорский р-н, гп Красная Слобода, ул. Советская, 110;52.853409;27.206893;;;1;0;1;0;1;0;0,,
44;BY;г. Минск, ул.Ленина, 48;53.89005;27.576816;;;1;0;1;0;1;0;0,,,,
44;BY;г.п. Ветрино, ул. Ленина, 1Б;55.405807;28.457387;Р-45;;1;0;1;0;0;0;0,,,,
44;BY;г. Чечерск, ул. Советская, 68;52.903350;30.907990;Р-30;;1;0;1;0;1;0;0,,,,
44;BY;Брестская область, Березовский район, М-1, 123-й км, 2;52.550278;25.063611;М-1;;1;0;1;0;1;0;0,,
44;BY;г. Гродно, ул.Южная,1А;53.645277;23.872777;;;1;0;1;0;1;1;0,,,,
44;BY;Чериковский р-н, пересечение автодорог Р-122 и Р-43.68км;53.585889;31.352083;Р-43;Р-122;1;0;1;0;1;1;0,,,,,
45;BY;Миорский р-н, Заустьевский с/с, д. Моназыль;55.54123;28.206126;Р-14;;1;0;1;0;1;0;0,,,,
45;BY;г. Могилев, ул. Симонова;53.862083;30.307566;;;1;0;1;0;1;1;0,,,,,
45;BY;г. Житковичи, ул. Пролетарская, 112;52.245556;27.859444;М-10;Р-88;1;1;1;0;1;0;0,,,,
45;BY;г. Волковыск, ул. С. Панковой;53.16857;24.42912;;;1;0;1;0;1;1;0,,,,,
45;BY;Брестская обл., Березовский р-н, М-1, 123-й км, 1;52.548333;25.060833;М-1;;1;0;1;0;1;0;0,,
45;BY;Минская обл,Любанский р-н,Тальский с/с,Р-55,100-йкм,1;52.808055;27.964444;Р-55;;1;0;1;0;1;0;0,
46;BY;г. Полоцк, ул.Гагарина,32;55.48436;28.800306;;;1;0;1;1;1;1;1,,,,
46;BY;16-ый км а/дороги Р55 Бобруйск-Глуск-Любань;53.071111;29.073055;Р-55;;1;0;1;0;1;1;0,,,,,,
46;BY;г. Мозырь, ул. Иваненко А.С., 12;52.077222;29.276389;Р-131;;1;0;1;0;1;0;0,,,,
"46;BY;Национальный аэропорт  ""Минск""", 94;53.894444;28.03;М-2;;1;0;1;0;1;0;0,,,,,
46;BY;Брестская обл., Березовский р-н, г. Береза, ул. Промышленная.12;52.528483;24.955033;;;1;0;1;0;1;0;0,,,
46;BY;Минская обл., Солигорский р-н, гп Старобин, ул. Радужная,10, на 140 км. автодороги Р-23 Минск-Микашевичи;52.730206;27.444553;Р-23;;1;0;1;0;1;0;0,
46;BY;г. Гродно ул.О.Соломовой 109;53.665278;23.784167;;;1;0;1;0;1;0;0,,,,,,
47;BY;г. Минск, ул. Долгобродская, 19;53.892933;27.612116;;;1;0;1;0;1;0;0,,,,
47;BY;г. Новополоцк, проезд измерительский;55.51488;28.684998;;;1;0;1;0;1;0;0,,,,,
47;BY;г. Мозырь, ул. Нефтестроителей, 4;52.042864;29.220607;;;1;0;1;0;1;1;1,,,,
47;BY;Брестская обл., Кобринский р-н, г. Кобрин, ул. Пролетарская, 187А;52.221389;24.332222;;;1;0;1;0;1;0;0,,
47;BY;г. Слоним, пр-т Независимости;53.065833;25.313;;;1;0;1;0;1;0;0,,,,,
47;BY;Минская обл.,Стародорожский р-н,г. Старые Дороги, ул. Московская,1В;53.035277;28.285555;Р-92;;1;0;1;0;1;0;0,,
47;BY;г. Могилев, пр-т Димитрова,80;53.880028;30.389194;;;1;0;1;0;1;1;0,,,,
48;BY;г. Минск, ул. Одинцова, 123;53.90045;27.42285;;;1;0;1;0;1;0;1,,,,
48;BY;Добрынский с-с., 11;51.636111;29.081667;Р-128;;1;0;1;0;1;0;0,,,,,
48;BY;г. Орша, ул. Ленина, 214;54.541388;30.4475;;;1;0;1;1;1;0;0,,,,
48;BY;г. Новогрудок, ул. Индустриальная, 3а;53.580556;25.813889;;;1;1;1;0;1;0;0,,,,
48;BY;Брестская обл., Березовский р-н, г. Белоозерск, ул. Шоссейная, 2;52.473056;25.1825;Р-136;;1;0;1;0;1;0;0,,
48;BY;Минская обл.,Копыльский р-н, г. Копыль, ул. Полевая,1А;53.148888;27.073888;Р-61;;1;0;1;0;1;0;0,,
48;BY;г. Климовичи;53.585528;31.973866;Р-75;;1;0;1;0;1;1;0,,,,,,
49;BY;г.п. Краснополье;53.348752;31.418528;Р-74;;1;0;1;0;1;0;0,,,,,,
49;BY;Гомельская обл., Мозырский р-н., Р-31, 161-й км, 1А;52.00;29.254167;Р-31;;1;0;1;0;1;1;1,,
49;BY;Брестская обл., Пружанский р-н, г. Пружаны, ул. Октябрьская, 2;52.555;24.475278;Р-85;;1;0;1;0;1;0;0,,
49;BY;г. Орша, ул.2-я Шкловская, 4;54.4825;30.38;;;1;0;1;0;0;0;0,,,,
49;BY;г. Минск, пр-т. Независимости, 156;53.940466;27.67445;М-9;;1;0;1;1;1;1;1,,,,
49;BY;Минская обл.,Слуцкий р-н,Р-23,109-й км,1,Кировский с/с.;52.984169;27.503611;Р-23;;1;0;1;0;1;1;0,
49;BY;г.п. Красносельский, ул. Зеленая, 1;53.25701;24.42056;Р-6;;1;1;1;0;0;0;0,,,,
5;BY;г. Червень, автодорога Минск-Могилев, 61-й км (право);53.72258;28.386955;М-4;;1;0;1;1;1;1;0,,,,
5;BY;Городокский р-н, Первомайский с/с, 15;55.492142;30.02249;М-8;;1;1;1;1;0;0;0,,,,
5;BY;Сиродский с-с., 10;52.127874;29.421591;М-10;;1;0;1;0;1;0;0,,,,,
5;BY;а/д Минск-Микашевичи Р-23, 14 км (право);53.789722;27.525833;Р-23;;1;0;1;0;1;1;0,,,,,
5;BY;г. Гродно ул. Белуша,59;53.668888;23.866944;;;1;1;1;0;1;0;0,,,,,
5;BY;Брестская обл, Брестский р-н, М1, 10-й км, 3;52.1516;23.7057;М-1;;1;0;1;0;1;0;0,,
5;BY;Минская обл., Березинский р-н, г.Березино,ул.Максима Горького,50;53.829326;28.984122;М-4;;1;0;1;0;1;0;0,,
5;BY;г. Лида, улица Фомичева, 1А;53.910248;25.248705;;;1;0;1;0;1;1;0,,,,
5;BY;г. Чаусы, 37-й км. Могилев-Чериков;53.792639;31.005333;Р-122;;1;0;1;0;1;1;0,,,,,
50;BY;Брестская обл., Пружанский р-н, г.п. Ружаны, ул. Дудинского, 7;52.871111;24.874722;Р-44;;1;0;1;0;1;1;0,,
50;BY;д. Ходосы;53.929783;31.461417;Р-73;;1;0;1;0;0;0;0,,,,,,
50;BY;Михалковский с-с., 74;51.907778;29.311111;;;1;0;1;0;1;0;0,,,,,
50;BY;а/д Кричев-Орша-Лепель, 144 км;54.50978;30.343077;Р-115;;1;0;1;1;1;0;0,,,,,
50;BY;г. Минск, проезд Масюковщина, 17;53.926388;27.447777;;;1;1;1;0;1;1;0,,,,
50;BY;г. Гродно, ул. Белуша, 63;53.668055;23.874722;М-6;;1;0;1;0;1;1;0,,,,
50;BY;Минская обл.,Любанский р-н,Сосновский с/с,п. Бориков,ул.Дорожная,3;52.665654;28.225555;Р-55;;1;0;1;0;0;0;0,
51;BY;г. Орша, ул. Пограничная;54.521708;30.403893;;;1;0;1;0;1;1;1,,,,,
51;BY;г. Минск, ул. Слободская, 4;53.864416;27.42645;;;1;0;1;0;1;0;0,,,,
51;BY;Гродненская область, Островецкий р-н, Ворнянский с/с, аг. Ворона, ул. Полоцкая, 1;54.755833;25.948611;Р-45;Р-48;1;0;1;0;1;0;0,
51;BY;г. Калинковичи, ул. Советская, 30а;52.145395;29.341739;Р-131;;1;0;1;0;1;1;0,,,,
51;BY;г. Смолевичи, ул. Комсомольская;54.040138;28.08821;;;1;0;1;0;1;1;0,,,,,
51;BY;Брестская обл., Пружанский р-н, г. Пружаны, ул. Лазо, 11;52.544722;24.487222;Р-85;;1;0;1;0;1;1;0,,
51;BY;г. Костюковичи, а/д Костюковичи -БЦЗ;53.360028;32.034917;;;1;0;1;0;1;1;0,,,,,
52;BY;вблизи д. Рудня-Прибытковская, 11;52.289722;31.130833;;;1;0;1;0;0;0;0,,,,,
52;BY;Логойский с/с, 7;54.20214;27.89768;;;1;0;1;0;1;0;0,,,,,
52;BY;г. п.Хотимск;53.405139;32.552778;;;1;0;1;0;1;0;0,,,,,,
52;BY;Оршанский р-н, Высоковский с/с,20;54.62716;30.43605;М-1;Р-87;1;0;1;1;1;1;1,,,,
52;BY;г. Минск, ул. Гурского, 24 а;53.884183;27.479533;;;1;0;1;0;1;0;1,,,,
52;BY;Брестская обл., Пружанский р-н, гп. Шерешево,  ул. 1-го Мая, 14;52.566389;24.2125;;;1;0;1;0;0;0;0,,
52;BY;г.п. Кореличи ул. Гастелло д.37;53.553611;26.1525;Р-11;;1;1;1;0;1;1;0,,,,,,
53;BY;Минская обл, Смолевичский р-н,  Р-53 , 29 км,2;54.093383;28.287967;;;1;0;1;0;1;1;0,,
53;BY;д. Звенчатка;53.758882;32.242202;Р-43;;1;0;1;0;1;0;0,,,,,,
53;BY;а/д Брест-Минск-граница РФ, 569 км;54.624752;30.453122;М-1;;1;0;1;1;1;0;0,,,,,
53;BY;г. Мозырь, ул. Рыжкова, 41;52.037222;29.231944;Р-131;;1;0;1;0;1;0;0,,,,
53;BY;а/г Гожа,Р-42,17-й км,4, АЗС 53;53.8225;23.873888;Р-42;;1;0;1;0;1;0;0,,
53;BY;г. Минск ул. Тимирязева, 106;53.932066;27.473686;;;1;0;1;0;1;1;1,,,,,
53;BY;Брестская обл., Кобринский р-н, Дивинский с/с, аг. Дивин, ул. Октябрьская, д. 71;51.953333;24.586389;;;1;0;1;0;0;0;0,
54;BY;г. Борисов, ул. Госпитальная, д. 15;54.23895;28.474517;;;1;0;1;0;1;1;0,,,,
54;BY;Могилевский р-н, Венянский с/с, 25;53.834166;30.333333;;;1;0;1;0;1;1;0,,,,
54;BY;Осташковичский с-с., 8;52.411667;29.852222;;;1;0;1;0;0;0;0,,,,,
54;BY;г. Полоцк, ул. Ефросиньи Полоцкой, 47;55.500029;28.768873;;;1;0;1;1;1;1;0,,,,
54;BY;г. Минск, ул. Наполеона Орды, 8;53.842158;27.479258;;;1;0;0;1;1;0;0,,,,
54;BY;г. Гродно, ул. Курчатова, 16;53.706111;23.827778;;;1;0;1;0;1;1;0,,,,
54;BY;Брестская обл., Дрогичинский р-н, г. Дрогичин, ул. Шоссейная, 64;52.189167;25.122778;;;1;0;1;0;1;1;0,,
55;BY;в районе д. Давыдовка;52.516111;29.542222;;;1;0;1;0;0;1;0,,,,,,
55;BY;г. Бобруйск, ул. Минская 104-а;53.1747;29.2024;;;1;0;1;0;1;0;0,,,,,
55;BY;г. Глубокое, ул. Горького, 60;55.14334;27.718312;Р-45;;1;0;1;1;1;1;1,,,,
55;BY;г. Минск, пр.Партизанский, 166а;53.857116;27.684233;М-9;;1;0;1;0;1;1;0,,,,
55;BY;Плещеницкий с/с,1(АЗС №55,66-й км.,а/д М3 Минск-Витебск;54.43327;27.89042;М-3;;1;0;1;0;1;0;0,,,
55;BY;Брестская обл., Березовский р-н, г. Береза, ул. Комсомольская;52.516111;24.966111;Р-2;;1;0;1;0;1;1;0,,,
55;BY;г. Гродно, ул. Подкрыжацкая, 31;53.6975;23.881944;Р-145;;1;0;1;0;1;1;0,,,,
56;BY;Светлогорский р-н., 1;52.617778;29.694444;Р-82;;1;0;1;0;1;0;0,,,,,
56;BY;г. Осиповичи, ул. Сумченко;53.323111;28.651167;;;1;0;1;0;1;1;0,,,,,
56;BY;д. Малявка;54.343218;29.411946;;;1;0;1;0;0;0;0,,,,,,
56;BY;г.Гродно, ул. Дзержинского, 175;53.719722;23.841388;Р-43;;1;1;1;0;1;0;0,,,,
56;BY;Гайненский с/с, 3 (44 км а/д М-3 Минск-Витебск);54.24557;27.84385;М-3;;1;0;0;1;1;1;0,,,,,
56;BY;Брестская обл., Кобринский р-н, г. Кобрин, ул. Советская, 143 Б;52.206389;24.321111;Р-2;;1;0;1;0;1;1;0,,
56;BY;г.Минск, ул. Ваупшасова, 53;53.903055;27.686111;;;1;0;1;0;1;1;1,,,,
57;BY;Смолевичский р-н, Р-53, 3 км ,2;54.02245;27.93065;Р-53;;1;0;1;0;1;0;0,,,
57;BY;а/д М-4 185 км. трассы Минск-Могилев;53.96605;30.1708;М-4;;1;0;1;0;1;1;1,,,,,,
57;BY;г. Толочин, ул. Вокзальная, 47;54.412155;29.763575;;;1;0;1;0;1;1;0,,,,
57;BY;г. Минск, Долгиновский Тракт, 189;53.968429;27.526385;М-9;;1;0;1;0;1;0;0,,,,
57;BY;г. Хойники ул. Революционная, 10;51.905382;30.010685;Р-35;;1;0;1;0;1;0;0,,,,,
57;BY;Брестская обл., Дрогичинский р-н, М-10, 512-й км,1, перекресток автодорог Граница РФ-Гомель-Кобрин и Антополь-Береза;52.228333;24.786944;М-10;;1;0;1;0;1;1;0,
57;BY;г. Лида, ул. Мицкевича;53.90198;25.31311;;;1;1;1;0;1;0;0,,,,,
58;BY;а/д Р-19 , 57 км ,58;54.320833;29.114166;Р-19;;1;0;1;0;1;0;0,,,,
58;BY;г.п. Лоев, ул. Синякова, 25;51.935560;30.778648;;;1;0;1;0;1;1;0,,,,
58;BY;д. Каменный лог;54.53641;25.724722;М-7;;1;1;1;0;1;0;1,,,,,,
58;BY;Брестская обл., Жабинковский р-н, г. Жабинка, ул. Мира, 19;52.194722;24.036944;;;1;0;1;0;1;1;0,,
58;BY;а/д М-4 187 км. трассы Минск-Могилев;53.952283;30.212566;М-4;;1;0;1;0;1;1;0,,,,,,
58;BY;Минская обл., Минский р-н, Сеницкий с/с, Р-23, 12-й км., 1;53.812083;27.531533;Р-23;;1;0;1;0;1;1;0,
58;BY;г.п. Круглое, ул. Могилевская, 17;54.240425;29.805787;;;1;0;1;0;1;1;0,,,,
59;BY;г. Смолевичи, ул. Вокзальная, 9А;54.022033;28.065567;;;1;0;1;0;1;0;0,,,,
59;BY;Толочинский с/с;54.43475;29.6044;М-1;;1;0;1;0;1;0;0,,,,,,
59;BY;трасса М-5, 285 км, 2;52.492828;30.687603;М-5;;1;1;1;0;1;0;0,,,,
59;BY;г. Минск, пр-т Независимости, 218;53.956388;27.723888;;;1;0;1;0;1;0;0,,,,
59;BY;Брестская обл., Жабинковский р-н, Ракитницкий с/с,5,0,2 км западнее д. Федьковичи;52.152778;24.035556;М-1;;1;0;1;0;0;1;0,
59;BY;г. Гродно, ул. Домбровского, д.61Б;53.710556;23.796389;;;1;0;1;0;1;1;0,,,,
59;BY;г. Могилев, ул. 30 лет Победы;53.9348;30.3673;;;1;0;1;0;1;1;0,,,,,
6;BY;Минская обл., Смолевичский р-н, М-1, 391 км, 2;53.964446;28.025854;М-1;;1;0;1;0;1;0;0,,
6;BY;д. Хозянинки, автодорога Минск-Гомель, 31-й км (право);53.705979;27.876149;М-5;;1;1;1;0;1;1;0,,,,
6;BY;Брестская обл., г. Брест, ш. Варшавское, 3;52.0771;23.7235;;;1;0;1;0;1;0;0,,,
6;BY;г.п. Шумилино, ул. Юбилейная, 1;55.305066;29.597677;Р-20;;1;0;0;0;0;0;0,,,,
6;BY;Муляровский с-с., 25;52.213475;28.576356;М-10;;1;0;0;1;1;1;0,,,,,
6;BY;г. Минск, Логойский тракт, 49;53.961111;27.625315;М-9;;1;0;0;1;1;1;1,,,,
6;BY;Моринский с/с, М6, 129-ый км, 1;53.893611;25.7975;М-6;;1;0;1;1;1;1;0,,,
6;BY;г. Гродно, Индурское шоссе,11а;53.639722;23.840833;;;1;0;1;0;1;1;0,,,,
6;BY;г. Могилев, Ровчакова,1а;53.928806;30.268583;М-4;;1;0;1;0;1;0;0,,,,
60;BY;Губичский с/с., вблизи д. Наспа;52.711399;30.335729;М-5;;1;1;1;0;1;0;0,,,,,
60;BY;г. Могилев, ул. Криулина;53.956216;30.33685;;;1;0;1;0;1;1;0,,,,,
60;BY;Толочинский с/, 21;54.4367;29.60463;М-1;;1;0;1;0;1;0;0,,,,,
60;BY;Островецкий район, Гудогайский с/с, 6;54.595278;25.912222;;;1;0;1;0;1;0;0,,,,
60;BY;г. Заславль, ул. Советская, 114;54.014017;27.259503;;;1;0;1;0;0;0;0,,,,
60;BY;Логойский с/с, 39 (36-й км а/д М-3 Минск-Витебск);54.166111;27.819166;М-3;;1;0;0;1;1;0;0,,,,,
60;BY;Брестская обл., Кобринский р-н, г. Кобрин, ул. Дружбы, 86;52.1925;24.356944;;;1;0;1;0;1;0;1,,
61;BY;Брагинский р-н., Р-35, 134-й. км., 2;51.431388;30.558888;Р-35;;1;0;1;0;0;0;0,,,
61;BY;г.Славгород.101км а/д р43;53.431666;30.968333;Р-43;;1;0;1;0;1;1;0,,,,,,
61;BY;Брестская обл., г. Пинск, ул. Янищиц, 4;52.1244;26.0633;;;1;0;1;0;1;1;0,,,
61;BY;Бешенковичский р/н, Бочейковский с/с, 1;55.0175;29.174722;М-3;;1;0;1;0;1;0;0,,,,
61;BY;а.г.  Пограничный,;53.11691;24.00388;;;1;1;1;0;1;1;0,,,,,
62;BY;58 км (право) а/д Р-93 Могилев-Бобруйск (д.Чечевичи);53.517306;29.822389;Р-93;;1;0;1;0;1;1;0,,,,,,
62;BY;Чашникский р-н, аг. Лукомль, ул. Первомайская, 36;54.7006;29.13909;Р-62;;1;0;1;0;1;1;0,,,
62;BY;Брестская обл., Пинский р-н, Оснежецкий с/с, д. Посеничи, М-10, 402-й км, 1;52.1774;26.0609;М-10;;1;0;1;0;1;0;0
62;BY;г. Гродно, ул.Я.Купалы 25\а;53.66;23.833888;;;1;1;1;0;1;0;0,,,,,
63;BY;г.п. Копаткевичи, ул. Ленинская, 78;52.3075;28.8025;;;1;0;1;0;0;0;0,,,,
63;BY;Брестская обл., Лунинецкий р-н, Лунинский с/с, 22;52.27065;26.82952;М-10;;1;0;1;0;1;1;0,,,
63;BY;г. Чашники, ул. Луначарского, 84 А;54.864399;29.14452;;;1;0;1;1;1;0;0,,,,
63;BY;г. Гродно, ул. Краснопартизанская 73;53.675556;23.805833;;;1;0;1;0;1;1;0,,,,,
64;BY;Брестская обл., Ивановский р-н, г. Иваново, ул. Ленина, д. 169;52.128838;25.539671;Р-144;;1;0;1;0;1;0;0,,
64;BY;Урицкий с/с., вблизи аг. Урицкое, 12;52.458771;30.800321;;;1;0;1;0;0;0;0,,,,
64;BY;г. Бобруйск, ул. Интернациональная 80;53.140732;29.191682;;;1;0;1;0;1;1;0,,,,,
64;BY;г. Докшицы, ул. Гайдара, 66;54.883063;27.775799;Р-3;;1;0;1;1;1;1;0,,,,
64;BY;Коптевский с/с М6 288-й км,2;53.5525;23.864444;М-6;;1;1;1;0;1;0;0,,,,,
65;BY;г. Орша, ул. Могилевская;54.486974;30.436866;;;1;0;1;0;1;0;0,,,,,
65;BY;Лясковичский с/с., аг. Лясковичи, ул. Речная, 29;52.120266;28.16863;;;1;0;1;0;1;0;0,,,
65;BY;г. Гродно, ул.Краснознаменная, д.2;53.651388;23.816111;;;1;0;1;0;1;1;0,,,,
65;BY;г.Бобруйск ул. Шинная, 25;53.1842;29.22476;;;1;0;1;0;1;1;1,,,,,
66;BY;г.п. Лельчицы, ул. Ленина, 37;51.801667;28.328611;Р-36;;1;0;1;0;1;1;0,,,,
66;BY;г.Гродно, Индурское шоссе, 32;53.620833;23.866111;;;1;1;1;0;1;0;0,,,,
66;BY;Горецкий р-н, д. Ректа;54.309383;30.938016;Р-15;;1;0;1;0;1;1;0,,,,,
"67;BY;132км автодороги М4 ""Минск-Могилев"";53.906433;29.399433;М-4;;1;0;1;0;1;1;0",,,,,,
67;BY;Верхнедвинский район, Шайтеровский сельсовет, 1;55.755272;27.955751;Р-18;Р-20;1;0;1;1;1;1;0,,,,
67;BY;г. Петриков, ул. Первомайская, 85;52.14069;28.49713;;;1;0;1;0;1;0;0,,,,
67;BY;Островецкий р-н, д. Белькишки, 10;54.613611;26.014166;Р-52;;1;1;1;0;1;1;0,,,,
67;BY;Брестская обл., Лунинецкий р-н, М-10, 344-й км, 1;52.2468;27.0836;М-10;;1;0;1;0;1;0;0,,
68;BY;Защебьевский с/с., аг. Защебье, ул. Юбилейная, 1;52.181326;29.865517;М-10;;1;0;1;0;1;0;0,,,
68;BY;Брестская обл., Столинский р-н, г. Столин, ул. Горынская, д.186a;51.8777;26.8097;Р-88;;1;0;1;0;1;0;0,,
68;BY;г.Гродно, ул. Белые Росы, 16;53.71506;23.86082;;;1;0;1;0;1;0;1,,,,
68;BY;Витебский район, а/дМ-8, 73 км,3;55.29035;30.3241;М-8;;1;0;1;1;1;1;0,,,
68;BY;Могилевский р-н, 232 км автодороги М8;53.91487;30.4712;М-8;;1;0;1;0;1;1;0,,,,,
"69;BY;132 км автодороги М4 ""Минск-Могилев"";53.9094;29.4112;М-4;;1;0;1;0;1;1;0",,,,,,
69;BY;Бегомльский с/с, 1;54.610868;27.909917;М-3;;1;0;1;0;1;0;0,,,,,
69;BY;Жмуровский с/с., д. Жмуровка, ул. Школьная, 60;52.333611;30.440277;Р-32;;1;0;1;0;1;0;1,,,
69;BY;Брестская область, Ивановский р-н, Лясковичский с/с, М10, 454 км.;52.15449;25.56525;;;1;0;1;0;1;0;0,,
69;BY;Волковысский р-н, Р-99, 112км.,1;53.14439;24.50689;Р-99;;1;1;1;0;1;0;1,,,
7;BY;трасса М-10, 308 км., 1;52.239839;27.607698;М-10;;1;0;1;0;1;0;0,,,,
7;BY;г.Борисов, ул. Лопатина 170а;54.2714;28.498667;Р-63;;1;0;1;0;1;0;0,,,,,
7;BY;автодорога Минск-Гомель, 47-й км (лево);53.620225;28.05086;М-5;;1;1;1;1;1;0;0,,,,,
7;BY;Могилевкий р-он, Р-122, 12-йкм, 1;53.866528;30.473583;Р-122;;1;0;1;0;1;0;0,,,
7;BY;Витебский р-н, Туловский с/с, Р-21, 6-ой км, 1;55.169052;30.304856;Р-21;;1;1;1;0;1;1;0,,
7;BY;Брестская обл., г. Брест, ул. Героев обороны Брестской крепости, 3В;52.0963;23.678;;;1;0;1;0;1;0;0,,,
7;BY;г. Скидель,ул.Ленина,76 Б;53.58;24.239166;М-6;;1;1;1;0;1;0;0,,,,
7;BY;г. Минск, пр-т Независимости, 152;53.938541;27.67212;М-9;;1;0;0;1;1;1;1,,,,
7;BY;г. Лида ул. Коммунистическая, 56;53.878333;25.274444;;;1;0;1;1;1;1;0,,,,,
70;BY;юго-восточнее д.Дягильно на 810 м.;53.663408;27.084123;;;1;0;1;0;1;1;0,,,,,,
70;BY;г. Новополоцк, ул. Калинина, 24;55.525315;28.649322;;;1;0;1;1;1;1;0,,,,
"70;BY;78км автодороги М-5 ""Минск-Гомель"";53.454966;28.404016;М-5;;1;0;1;0;1;1;1",,,,,,
70;BY;Брестская обл. г. Пинск ул. Достоевского 82;52.006666;26.025;;;1;0;1;0;1;0;0,,,,,,
70;BY;г. Гомель, ул. Олимпийская, 17;52.478611;31.026667;;;1;0;1;0;1;0;0,,,,
70;BY;г.п.Порозово;52.92963;24.35697;Р-78;;1;0;1;0;1;0;0,,,,,,
71;BY;г. Наровля, ул. Корзуна А.Г., 62;51.781475;29.509953;Р-37;;1;0;1;0;1;1;0,,,,
71;BY;Фанипольский с/с, 25-й км а/д Р1 Минск-Дзержинск, 1А;53.736352;27.308009;Р-1;;1;0;1;0;1;1;0,,,,
71;BY;212026,г.Могилев, ул. Алексея Пысина,12;53.911316;30.283916;;;1;0;1;0;1;1;0,,,
71;BY;Брестская обл., Пинский р-н, с/с Логишинский поселковый Совет,2,0 км южнее центра г.п. Логишин;52.3206;25.9912;Р-6;Р-105;1;0;1;0;1;1;0,,
71;BY;г.Полоцк, Вильнюсское шоссе,2;55.474099;28.745358;Р-45;;1;0;1;1;1;0;0,,,,
71;BY;г.Гродно, ул.О.Соломовой,161;53.651666;23.778611;;;1;1;1;0;1;1;0,,,,
72;BY;г. Жлобин, ул. К. Маркса, 1Д;52.911944;30.043333;;;1;0;0;1;1;0;0,,,,
72;BY;Минская обл., Минский р/н, Колодищанский с/с, а/г Колодищи ул. Тюленина, 26.;53.949722;27.783055;;;1;0;1;0;1;0;0,,
72;BY;Могилевская обл, Могилевский р-н, д. Салтановка;53.808883;30.22025;Р-93;;1;0;1;0;1;0;0,,,,
72;BY;Островенский с/с, 12;55.118956;29.776707;М-3;;1;0;1;1;1;0;0,,,,,
72;BY;Брестская обл., Пинский район, Оснежицкий с/с, 10 АЗС в направлении Пинск-Оснежицы;52.152777;26.126388;М-10;;1;0;1;0;1;0;1,,,
72;BY;Гродненский р-н,Коптевский с\с,8;53.637222;23.878333;;;1;0;1;0;1;0;1,,,,
73;BY;Брестская обл., Ивацевичский р-н, г.п. Телеханы;52.5151;25.8351;Р-6;;1;0;1;0;0;0;0,,,,
73;BY;Дещенский с/с, 2;53.56373;27.471161;Р-23;;1;0;0;1;1;1;0,,,,,
73;BY;Сенненский р-н, г.п. Богушевск на а/д Р-86 12+500 (лево);54.842223;30.239463;Р-86;;1;0;1;0;0;0;0,,,,,
73;BY;Рогачевский р-н., Поболовский с-с., 12;53.013838;29.728166;М-5;;1;0;1;0;1;0;0,,,,
73;BY;г.Гродно, ул.Совхозная, 39;53.664;23.86;;;1;0;1;0;1;0;0,,,,
74;BY;г. Светлогорск, ул. Авиационная, 76;52.639722;29.718333;;;1;0;1;0;1;1;0,,,,
74;BY;Брестская обл., Лунинецкий р-н,0,9 км северо-западнее г. Микашевичи;52.2426;27.4523;М-10;Р-23;1;0;0;1;1;1;0,,,
74;BY;М-6,159-й км, 4;53.830219;25.36326;М-6;М-11;1;1;1;0;1;0;0,,,,
75;BY;г. Гомель, ул. Добрушская, 51А;52.401554;31.065892;М-10;;1;1;1;0;1;1;0,,,,
75;BY;Боровлянский с/с,53, район 51-го км МКАД;53.97054;27.599722;М-9;;1;0;0;1;1;1;0,,,,
75;BY;г. Витебск, ул. 14-я Полоцкая;55.179892;30.142729;;;1;1;1;1;1;0;0,,,,,
75;BY;Брестская обл., г. Пинск, пр-т Жолтовского, 34;52.1355;26.0481;;;1;0;1;0;1;1;0,,,
75;BY;Автодорога Р-95, 76-й км, 2;54.456581;26.387547;Р-95;;1;1;1;0;1;0;0,,,,
76;BY;Добрушский район, трасса  Р-124, 49-й. км., 1;52.214444;31.485716;Р-124;;1;1;1;0;1;0;0,,,
76;BY;М-1,494-й км,76;54.375383;29.3149;М-1;;1;0;1;0;1;0;0,,,,
76;BY;Брестская обл., Ивановский р-н, Лясковичский с/с, М-10, 438 км., 10;52.1568;25.5597;М-10;;1;0;1;0;1;0;0,
76;BY;Автодорога М6, 123 километр, 2;53.910555;25.875833;М-6;;1;1;1;0;1;0;0,,,,
77;BY;г. Гродно, ул. Краснопартизанская 73А;53.675833;23.803611;;;1;0;1;0;1;0;1,,,,,
77;BY;Брестская обл., Ивановский р-н, Мотольский с/с, аг. Мотоль, ул. О. Мироновой, д. 27А;52.3046;25.6135;;;1;0;1;0;1;0;0,
77;BY;Сеницкий с/с,50, район 22-го км МКАД;53.836388;27.513333;М-9;;1;0;1;0;1;1;1,,,,
77;BY;г. Гомель, ул. Советская, 246;52.474612;30.976059;;;1;0;1;0;1;0;0,,,,
78;BY;Брестская обл., Столинский р-н, г. Столин, ул. Пинская, 72;51.8926;26.8317;Р-6;Р-88;1;0;1;0;1;0;0,,
78;BY;г. Гродно ул.Городенская,д.117;53.671389;23.762222;;;1;0;1;0;1;1;0,,,,,
78;BY;Довский с/с., аг. Довск, ул Гомельская, 2Б;53.156388;30.459722;М-8;;1;0;1;0;1;1;0,,,
79;BY;Папернянский с/с,52, район аг.Вишневка, а/д Р-58;54.068901;27.567956;Р-58;;1;0;1;0;1;1;0,,,
79;BY;Брестская обл., г. Пинск, ул. Брестская, д. 140;52.1141;26.05;;;1;0;0;1;1;0;0,,,
79;BY;Озаричский Поселковый Совет, 10;52.464427;29.262347;Р-31;;1;0;1;0;1;0;0,,,,,
79;BY;г. Мосты, ул. Советская, 105а;53.41821;24.56529;Р-41;;1;1;1;0;0;0;0,,,,
8;BY;трасса М-5, 214-й км., 1/5;52.929722;30.016111;М-5;;1;1;1;0;1;1;0,,,,
8;BY;г. Жодино, ул. Богуславо Поле,1Б;54.107633;28.341417;Р-53;;1;0;1;0;1;1;0,,,,
8;BY;Брестская обл., Малоритский р-н, Хотиславский с/с,30,0,2 км юго-западнее г. Малорита;51.780833;24.050833;Р-17;;1;0;1;0;1;0;0,
8;BY;г. Могилев, бул. Юбилейный, 2;53.900056;30.357389;;;1;0;1;0;1;0;0,,,,
8;BY;г. Марьина Горка, Шацкое шоссе;53.509249;28.108057;Р-68;;1;1;1;0;1;0;0,,,,,
8;BY;г. Гродно, ул. Дзержинского,96 А;53.71;23.838888;;;1;0;1;0;1;0;0,,,,
8;BY;г. Минск, пр-т Партизанский, 156;53.859444;27.676944;М-9;;1;1;1;0;1;1;0,,,,
8;BY;г. Витебск, Старобабиновичский тракт, 1;55.170284;30.248054;;;1;0;1;0;1;1;1,,,,
8;BY;г.Лида ул. Свердлова 199;53.9425;25.254444;;;1;1;1;0;1;1;0,,,,,,
80;BY;Брестская обл., Столинский р-н, г. Давид-Городок, ул. Островского, д. 84;52.07096;27.239349;Р-88;;1;0;1;0;1;0;0,,
80;BY;Хотлянский с/с,3, а/д Р-23;53.426551;27.496169;Р-23;;1;0;0;1;1;0;0,,,,
80;BY;г. Гродно ул. Репина, 48;53.658888;23.790833;;;1;1;1;0;1;0;0,,,,,
80;BY;г. Жлобин, ул. Промышленная, 18;52.859362;29.994435;;;1;1;1;0;1;1;0,,,,
81;BY;Брестская обл., Лунинецкий р-н, г. Лунинец, ул. Красноармейская, 96А;52.232583;26.792613;;;1;0;0;1;1;0;0,,
81;BY;г. Рогачев, ул. Богатырева, 181;53.119375;30.070438;Р-97;;1;1;1;0;1;1;0,,,,
81;BY;Новодворский с/с,78, район 13-го км МКАД;53.83773;27.66066;М-9;;1;0;1;1;0;1;0,,,,
81;BY;127-й км а/д М-7 Минск-Ошмяны;54.44;25.965;;;1;1;0;1;1;0;0,,,,,,
82;BY;Щомыслицкий с/с, 51 район «Проспект-Известия»-МКАД;53.84918;27.4366;М-9;;1;0;1;0;1;1;0,,,,,
82;BY;Брагинский р-н., Р-35, 81-й. км., 2;51.775466;30.248566;Р-35;;1;0;1;0;1;0;0,,,
82;BY;г. Гродно, ул. Подольная, 14;53.672229;23.83386;;;1;0;1;0;1;0;0,,,,
83;BY;г.Дзержинск, ул.Фоминых, 3;53.686944;27.163333;;;1;0;1;0;1;0;0,,,,
83;BY;Гомельский р-н., Р-150, 4-км, 1;52.3676;31.003;Р-150;;1;0;1;0;1;0;1,,,
83;BY;г. Могилев, Славгородское шоссе;53.86295;30.359266;;;1;0;1;0;1;0;0,,,,,
83(1);BY;Желудок ул. 17 сентября;53.595;24.992222;;;1;0;1;0;0;0;0,,,,,,
83(2);BY;Гродненская обл., Зельвенский р-н, Деречинский с/с, аг. Деречин;53.244722;24.927777;Р-41;;1;0;1;0;0;0;0,,,
84;BY;а/д Р-1, 20-й км, 1;53.76947;27.34639;Р-1;;1;0;1;0;1;1;0,,,,
84;BY;г.Гомель, ул.Чечерская;52.47;31.041666;;;1;0;1;0;1;0;0,,,,,
84;BY;Республика Беларусь, Гродненская обл., Гродненский р-н, М-6, 291-й, 1;53.531543;23.683868;М-6;;1;1;1;0;1;0;0,
85;BY;Брестская обл., г. Брест, ул. Суворова, 200;52.080283;23.770483;;;1;0;1;0;1;0;1,,,
85;BY;г. Фаниполь, ул. Заводская, 9Г;53.74114;27.351872;;;1;0;1;0;1;0;0,,,,
85;BY;трасса М5/Е 271 – 283 км (лево);52.501522;30.66105;;;1;0;1;0;1;0;0,,,,,,
85;BY;Автодорога М6, 103 километр, 1;53.947401;26.153168;;;1;1;1;0;1;0;0,,,,
86;BY;Республика Беларусь, Минская область, Узденский р-н, г.Узда, ул.К.Маркса, 91;53.464722;27.204722;;;1;0;1;0;1;0;0,
86;BY;Брестская обл., г. Брест, ул. Суворова, 2;52.0635;23.7342;;;1;0;1;0;1;0;0,,,
86;BY;г.Гродно,ул.Славинского 14;53.63676;23.813062;;;1;0;1;0;1;0;0,,,,,
86;BY;Гомельский район., подъезд к г. Гомелю от автодороги М-10 28 км. (право);52.401944;30.897777;М-10;;1;0;1;0;1;0;1,,,,,
87;BY;Минская обл., Дзержинский р-н, Р-1, 31-й км, 2;53.693981;27.172526;Р-1;Р-65;1;0;0;1;1;0;0,,
87;BY;Брестская обл., г. Брест, ул. Белорусская, 67;52.1223;23.6554;;;1;0;0;0;1;0;0,,,
87;BY;а/д М-10, 28 км, 1 (гр РФ(Селище) Гомель-Кобрин);52.400476;30.897745;;;1;1;1;0;1;0;0,,,,
88;BY;Брестская обл., Каменецкий р-н, Р-83, 36-й км, 2;52.397533;23.785266;Р-83;Р-102;1;0;1;0;0;0;0,,
88;BY;г.Гомель,пересечение ул.Лепешинского и Инженерного проезда;52.47359;30.99721;;;1;0;1;0;1;0;0,,,,,
88;BY;Республика Беларусь, Минская обл., Минский р-н, Папернянский с/с,53, район 44-го км МКАД;53.96911;27.49699;М-9;;1;0;1;0;1;1;1,
89;BY;Республика Беларусь, Минская обл., Минский р-н, Новодворский с/с,79, район 16-го км МКАД;53.83108;27.60733;М-9;;1;0;1;0;1;1;0,
89;BY;Брестская обл., Каменецкий р-н, Рясненский с/с,11, в 0,35 км севернее д. Пограничная;52.465161;23.364925;Р-16;;1;0;1;0;1;0;0,
9;BY;Коммунаровский с/с., 8;52.615278;30.853611;М-8;;1;0;1;0;1;1;0,,,,,
9;BY;Брестская обл., Брестский р-н, Р-94, 31-й км, 5;51.7892;23.6544;Р-94;;1;0;1;0;1;1;0,,
9;BY;г. Борисов, ул. Заводская, 147;54.1982;28.544967;;;1;0;1;0;1;1;0,,,,
9;BY;г. Витебск, ул. Гагарина, 177;55.231916;30.272093;Р-112;;1;0;0;0;0;0;0,,,,
9;BY;г. Быхов, ул. Железнодорожная, 13а;53.509722;30.223611;;;1;0;1;0;1;1;0,,,,
9;BY;М-6, 289км, 1;53.539695;23.696777;М-6;Р-99;1;1;1;0;1;0;0,,,,
9;BY;г. Минск, Горецкого, 10;53.8825;27.453889;;;1;0;1;0;1;0;0,,,,
9;BY;г.п. Вороново, Ул. Восточная, 26а;54.140248;25.314945;М-11;;1;0;1;0;1;1;0,,,,
90;BY;Брестская обл., Малоритский р-н, г. Малорита, ул. Кобринская, 65;51.813611;24.076111;Р-17;;1;0;1;0;1;1;0,,
90 (1);BY;Минская обл., Крупский р-н, район г.п. Холопеничи;54.505743;28.958566;;;1;0;1;0;0;0;0,,,,
90 (2);BY;Республика Беларусь, Минская обл., Борисовский р-н, Зембинский с/с, аг. Зембин;54.357726;28.221479;;;1;0;1;0;0;0;0,,
96;BY;г. Могилев, пер. Гаражный, 7а;53.897278;30.289306;;;1;0;1;0;1;0;0,,,,
99;BY;г. Могилев, ул. К.Маркса;53.8964;30.34055;;;1;0;0;1;1;0;1,,,,,
