Аксессуары;Аксессуары;Комплект аппликаторов;;1112-13;208;Черный;Relouis;2.14;01.10.2010
Аксессуары;Аксессуары;Комплект аппликаторов;;1113-13;70;Белый;Relouis;2.14;01.10.2010
Губы ;Гигиенические помады и бальзамы;Вкусняшка;Гигиеническая помада;600-12;178;сладкая клубника;Relouis;2.75;01.10.2010
Губы ;Гигиенические помады и бальзамы;Вкусняшка;Гигиеническая помада;600-12;188;спелая вишня;Relouis;2.75;01.10.2010
Ногти;Лак для ногтей;Graffi Collection;Лак для ногтей;1920-11;500;;Relouis;2.8;01.10.2010
Ногти;Лак для ногтей;Graffi Collection;Лак для ногтей;1920-11;501;;Relouis;2.8;01.10.2010
Ногти;Лак для ногтей;Graffi Collection;Лак для ногтей;1920-11;502;;Relouis;2.8;01.10.2010
Ногти;Лак для ногтей;Graffi Collection;Лак для ногтей;1920-11;503;;Relouis;2.8;01.10.2010
Ногти;Лак для ногтей;Graffi Collection;Лак для ногтей;1920-11;504;;Relouis;2.8;01.10.2010
Ногти;Лак для ногтей;Graffi Collection;Лак для ногтей;1920-11;505;;Relouis;2.8;01.10.2010
Ногти;Лак для ногтей;Graffi Collection;Лак для ногтей;1920-11;506;;Relouis;2.8;01.10.2010
Ногти;Лак для ногтей;Graffi Collection;Лак для ногтей;1920-11;507;;Relouis;2.8;01.10.2010
Ногти;Лак для ногтей;Nail Accent;Лак для ногтей;1930-14;00;Прозрачный ;Relouis;2.99;01.10.2015
Ногти;Лак для ногтей;Nail Accent;Лак для ногтей;1930-14;600;;Relouis;2.99;01.10.2015
Ногти;Лак для ногтей;Nail Accent;Лак для ногтей;1930-14;601;;Relouis;2.99;01.10.2015
Ногти;Лак для ногтей;Nail Accent;Лак для ногтей;1930-14;602;;Relouis;2.99;01.10.2015
Ногти;Лак для ногтей;Nail Accent;Лак для ногтей;1930-14;603;;Relouis;2.99;01.10.2015
Ногти;Лак для ногтей;Nail Accent;Лак для ногтей;1930-14;604;;Relouis;2.99;01.10.2015
Ногти;Лак для ногтей;Nail Accent;Лак для ногтей;1930-14;605;;Relouis;2.99;01.10.2015
Ногти;Лак для ногтей;Nail Accent;Лак для ногтей;1930-14;606;;Relouis;2.99;01.10.2015
Ногти;Лак для ногтей;Nail Accent;Лак для ногтей;1930-14;607;;Relouis;2.99;01.10.2015
Ногти;Лак для ногтей;Nail Accent;Лак для ногтей;1930-14;608;;Relouis;2.99;01.10.2015
Ногти;Лак для ногтей;Nail Accent;Лак для ногтей;1930-14;609;;Relouis;2.99;01.10.2015
Ногти;Лак для ногтей;Nail Accent;Лак для ногтей;1930-14;610;;Relouis;2.99;01.10.2015
Ногти;Лак для ногтей;Nail Accent;Лак для ногтей;1930-14;611;;Relouis;2.99;01.10.2015
Ногти;Лак для ногтей;Nail Accent;Лак для ногтей;1930-14;612;;Relouis;2.99;01.10.2015
Ногти;Лак для ногтей;Nail Accent;Лак для ногтей;1930-14;613;;Relouis;2.99;01.10.2015
Ногти;Лак для ногтей;Nail Accent;Лак для ногтей;1930-14;70;Белый;Relouis;2.99;01.10.2015
Ногти;Лак для ногтей;Red Collection;Лак для ногтей;1928-14;119;ламбада;Relouis;3.16;01.10.2010
Ногти;Лак для ногтей;Red Collection;Лак для ногтей;1928-14;160;румба;Relouis;3.16;01.10.2010
Ногти;Лак для ногтей;Red Collection;Лак для ногтей;1928-14;165;сальса;Relouis;3.16;01.10.2010
Ногти;Лак для ногтей;Red Collection;Лак для ногтей;1928-14;193;танго;Relouis;3.16;01.10.2010
Ногти;Лак для ногтей;Red Collection;Лак для ногтей;1928-14;204;фламенко;Relouis;3.16;01.10.2010
Ногти;Лак для ногтей;Candy Bar;Лак для ногтей с ароматом;1944-15;57;аромат апельсина;Relouis;3.18;01.10.2010
Ногти;Лак для ногтей;Candy Bar;Лак для ногтей с ароматом;1944-15;58;аромат ванили ;Relouis;3.18;01.10.2010
Ногти;Лак для ногтей;Candy Bar;Лак для ногтей с ароматом;1944-15;59;аромат ванили и корицы;Relouis;3.18;01.10.2010
Ногти;Лак для ногтей;Candy Bar;Лак для ногтей с ароматом;1944-15;60;аромат граната ;Relouis;3.18;01.10.2010
Ногти;Лак для ногтей;Candy Bar;Лак для ногтей с ароматом;1944-15;61;аромат клубники;Relouis;3.18;01.10.2010
Ногти;Лак для ногтей;Candy Bar;Лак для ногтей с ароматом;1944-15;62;аромат корицы;Relouis;3.18;01.10.2010
Ногти;Лак для ногтей;Candy Bar;Лак для ногтей с ароматом;1944-15;63;аромат малины;Relouis;3.18;01.10.2010
Ногти;Лак для ногтей;Candy Bar;Лак для ногтей с ароматом;1944-15;64;аромат мяты;Relouis;3.18;01.10.2010
Ногти;Лак для ногтей;Candy Bar;Лак для ногтей с ароматом;1944-15;65;аромат пина колады;Relouis;3.18;01.10.2010
Ногти;Лак для ногтей;Candy Bar;Лак для ногтей с ароматом;1944-15;66;аромат сирени;Relouis;3.18;01.10.2010
Губы ;Гигиенические помады и бальзамы;Iron Man ;Бальзам для губ;604-12;355;;Relouis;3.22;01.10.2010
Губы ;Гигиенические помады и бальзамы;Бальзам для губ с маслом зародышей пшеницей;Бальзам для губ;609-15;352;;Relouis;3.22;01.10.2010
Губы ;Гигиенические помады и бальзамы;Губки-неженки;Гигиеническая помада;607-12;162;с глянцевым блеском;Relouis;3.22;01.10.2010
Губы ;Гигиенические помады и бальзамы;Губки-неженки;Гигиеническая помада;606-12;163;С перламутром;Relouis;3.22;01.10.2010
Губы ;Гигиенические помады и бальзамы;Губки-неженки;Гигиеническая помада;608-12;164;с розовым оттенком;Relouis;3.22;01.10.2010
Губы ;Гигиенические помады и бальзамы;Доктор+ алое вера;Бальзам для губ;601-12;354;;Relouis;3.22;01.10.2010
Губы ;Гигиенические помады и бальзамы;Доктор+ облепиха;Бальзам для губ;602-12;353;;Relouis;3.22;01.10.2010
Ногти;Лак для ногтей;Coffee break;Лак для ногтей;1935-14;101;капучино;Relouis;3.25;01.10.2010
Ногти;Лак для ногтей;Coffee break;Лак для ногтей;1935-14;120;латте;Relouis;3.25;01.10.2010
Ногти;Лак для ногтей;Coffee break;Лак для ногтей;1935-14;124;макиато;Relouis;3.25;01.10.2010
Ногти;Лак для ногтей;Coffee break;Лак для ногтей;1935-14;129;мокко;Relouis;3.25;01.10.2010
Ногти;Лак для ногтей;Coffee break;Лак для ногтей;1935-14;82;глясе;Relouis;3.25;01.10.2010
Глаза;Основа под тени;Color Designer ;Основы под тени для век;914-14;71;Бесцветный;Professional;3.25;01.10.2010
Губы;Губные помады;Complimenti кремовая;Помада губная;731-15;105;Кокетливая фуксия;Complimenti;3.3;01.10.2010
Губы;Губные помады;Complimenti кремовая;Помада губная;731-15;113;Красная клюква;Complimenti;3.3;01.10.2010
Губы;Губные помады;Complimenti кремовая;Помада губная;731-15;117;Кремовая слива;Complimenti;3.3;01.10.2010
Губы;Губные помады;Complimenti кремовая;Помада губная;731-15;123;Майская сирень;Complimenti;3.3;01.10.2010
Губы;Губные помады;Complimenti кремовая;Помада губная;731-15;154;Розовая орхидея;Complimenti;3.3;01.10.2010
Губы;Губные помады;Complimenti кремовая;Помада губная;731-15;177;Скромный пион;Complimenti;3.3;01.10.2010
Губы;Губные помады;Complimenti кремовая;Помада губная;731-15;180;Сливочная земляника;Complimenti;3.3;01.10.2010
Губы;Губные помады;Complimenti кремовая;Помада губная;731-15;186;Сочная малина;Complimenti;3.3;01.10.2010
Губы;Губные помады;Complimenti кремовая;Помада губная;731-15;190;Страстный корал;Complimenti;3.3;01.10.2010
Губы;Губные помады;Complimenti кремовая;Помада губная;731-15;215;Яркая рябина;Complimenti;3.3;01.10.2010
Губы;Губные помады;Complimenti кремовая;Помада губная;731-15;54;Алая гвоздика;Complimenti;3.3;01.10.2010
Губы;Губные помады;Complimenti кремовая;Помада губная;731-15;77;Весенняя роза;Complimenti;3.3;01.10.2010
Ногти;Топовые покрытия;Сияющий блеск для маникюра;Средство для придания блеска лаку для ногтей;1906-04;71;Бесцветный;Relouis;3.3;01.10.2010
Лицо;Маскирующие средства;Cover Stick;Маскирующий карандаш с витамином Е;912-11;134;Натуральный розовый;Relouis;3.33;01.10.2010
Лицо;Маскирующие средства;Cover Stick;Маскирующий карандаш с витамином Е;912-11;143;Песочный;Relouis;3.33;01.10.2010
Лицо;Маскирующие средства;Cover Stick;Маскирующий карандаш с витамином Е;912-11;169;Светлый бежевый;Relouis;3.33;01.10.2010
Лицо;Маскирующие средства;Cover Stick;Маскирующий карандаш с витамином Е;912-11;181;Слоновая кость;Relouis;3.33;01.10.2010
Лицо;Маскирующие средства;Cover Stick;Маскирующий карандаш с витамином Е;912-11;92;Зеленый;Relouis;3.33;01.10.2010
Ногти;Лак для ногтей;Nail Artist ;Лак для дизайна ногтей;1946-16;800;;Relouis;3.34;01.10.2010
Ногти;Лак для ногтей;Nail Artist ;Лак для дизайна ногтей;1946-16;801;;Relouis;3.34;01.10.2010
Ногти;Лак для ногтей;Nail Artist ;Лак для дизайна ногтей;1946-16;802;;Relouis;3.34;01.10.2010
Ногти;Лак для ногтей;Nail Artist ;Лак для дизайна ногтей;1946-16;803;;Relouis;3.34;01.10.2010
Ногти;Лак для ногтей;Nail Artist ;Лак для дизайна ногтей;1946-16;804;;Relouis;3.34;01.10.2010
Ногти ;Уход за ногтями и кутикулой;Nail Care System;Средство для ухода за ногтями;1916-09;71;Бесцветный;Relouis;3.34;01.10.2010
Ногти;Лак для ногтей;La Mia Italia лак для ногтей;;1934-14;620;;La Mia Italia;3.35;01.10.2010
Ногти;Лак для ногтей;La Mia Italia лак для ногтей;;1934-14;621;;La Mia Italia;3.35;01.10.2010
Ногти;Лак для ногтей;La Mia Italia лак для ногтей;;1934-14;622;;La Mia Italia;3.35;01.10.2010
Ногти;Лак для ногтей;La Mia Italia лак для ногтей;;1934-14;623;;La Mia Italia;3.35;01.10.2010
Ногти;Лак для ногтей;La Mia Italia лак для ногтей;;1934-14;624;;La Mia Italia;3.35;01.10.2010
Ногти;Лак для ногтей;La Mia Italia лак для ногтей;;1934-14;625;;La Mia Italia;3.35;01.10.2010
Ногти;Лак для ногтей;La Mia Italia лак для ногтей;;1934-14;626;;La Mia Italia;3.35;01.10.2010
Ногти;Лак для ногтей;La Mia Italia лак для ногтей;;1934-14;627;;La Mia Italia;3.35;01.10.2010
Ногти;Лак для ногтей;La Mia Italia лак для ногтей;;1934-14;628;;La Mia Italia;3.35;01.10.2010
Ногти;Лак для ногтей;La Mia Italia лак для ногтей;;1934-14;629;;La Mia Italia;3.35;01.10.2010
Ногти;Лак для ногтей;La Mia Italia лак для ногтей;;1934-14;630;;La Mia Italia;3.35;01.10.2010
Ногти;Лак для ногтей;La Mia Italia лак для ногтей;;1934-14;631;;La Mia Italia;3.35;01.10.2010
Ногти;Лак для ногтей;La Mia Italia лак для ногтей;;1934-14;632;;La Mia Italia;3.35;01.10.2010
Ногти;Лак для ногтей;La Mia Italia лак для ногтей;;1934-14;633;;La Mia Italia;3.35;01.10.2010
Ногти;Лак для ногтей;La Mia Italia лак для ногтей;;1934-14;634;;La Mia Italia;3.35;01.10.2010
Ногти;Лак для ногтей;La Mia Italia лак для ногтей;;1934-14;635;;La Mia Italia;3.35;01.10.2010
Ногти;Лак для ногтей;La Mia Italia лак для ногтей;;1934-14;636;;La Mia Italia;3.35;01.10.2010
Ногти;Лак для ногтей;La Mia Italia лак для ногтей;;1934-14;637;;La Mia Italia;3.35;01.10.2010
Ногти;Лак для ногтей;La Mia Italia лак для ногтей;;1934-14;638;;La Mia Italia;3.35;01.10.2010
Ногти;Лак для ногтей;La Mia Italia лак для ногтей;;1934-14;639;;La Mia Italia;3.35;01.10.2010
Ногти;Лак для ногтей;La Mia Italia лак для ногтей;;1934-14;640;;La Mia Italia;3.35;01.10.2010
Ногти;Лак для ногтей;La Mia Italia лак для ногтей;;1934-14;641;;La Mia Italia;3.35;01.10.2010
Ногти;Лак для ногтей;La Mia Italia лак для ногтей;;1934-14;642;;La Mia Italia;3.35;01.10.2010
Ногти;Лак для ногтей;La Mia Italia лак для ногтей;;1934-14;643;;La Mia Italia;3.35;01.10.2010
Ногти;Лак для ногтей;La Mia Italia лак для ногтей;;1934-14;644;;La Mia Italia;3.35;01.10.2010
Ногти;Лак для ногтей;La Mia Italia лак для ногтей;;1934-14;645;;La Mia Italia;3.35;01.10.2010
Ногти;Лак для ногтей;La Mia Italia лак для ногтей;;1934-14;646;;La Mia Italia;3.35;01.10.2010
Ногти;Лак для ногтей;La Mia Italia лак для ногтей;;1934-14;647;;La Mia Italia;3.35;01.10.2010
Ногти;Лак для ногтей;La Mia Italia лак для ногтей;;1934-14;648;;La Mia Italia;3.35;01.10.2010
Ногти;Лак для ногтей;La Mia Italia лак для ногтей;;1934-14;649;;La Mia Italia;3.35;01.10.2010
Ногти;Лак для ногтей;La Mia Italia лак для ногтей;;1934-14;960;;La Mia Italia;3.35;01.10.2010
Ногти;Лак для ногтей;La Mia Italia лак для ногтей;;1934-14;961;;La Mia Italia;3.35;01.10.2010
Ногти;Лак для ногтей;La Mia Italia лак для ногтей;;1934-14;962;;La Mia Italia;3.35;01.10.2010
Ногти;Лак для ногтей;La Mia Italia лак для ногтей;;1934-14;963;;La Mia Italia;3.35;01.10.2010
Ногти;Лак для ногтей;La Mia Italia лак для ногтей;;1934-14;964;;La Mia Italia;3.35;01.10.2010
Ногти;Лак для ногтей;La Mia Italia лак для ногтей;;1934-14;965;;La Mia Italia;3.35;01.10.2010
Ногти;Лак для ногтей;Like Gel;Лак для ногтей с гелевым эффектом;1950-16;103;кашемировая роза;Relouis;3.38;01.10.2010
Ногти;Лак для ногтей;Like Gel;Лак для ногтей с гелевым эффектом;1950-16;104;клубничное мороженое;Relouis;3.38;01.10.2010
Ногти;Лак для ногтей;Like Gel;Лак для ногтей с гелевым эффектом;1950-16;106;коралловая роскошь;Relouis;3.38;01.10.2010
Ногти;Лак для ногтей;Like Gel;Лак для ногтей с гелевым эффектом;1950-16;115;кремовая ваниль;Relouis;3.38;01.10.2010
Ногти;Лак для ногтей;Like Gel;Лак для ногтей с гелевым эффектом;1950-16;126;малиновый десерт;Relouis;3.38;01.10.2010
Ногти;Лак для ногтей;Like Gel;Лак для ногтей с гелевым эффектом;1950-16;131;морская глубина;Relouis;3.38;01.10.2010
Ногти;Лак для ногтей;Like Gel;Лак для ногтей с гелевым эффектом;1950-16;135;небесная безмятежность;Relouis;3.38;01.10.2010
Ногти;Лак для ногтей;Like Gel;Лак для ногтей с гелевым эффектом;1950-16;136;нежный пион;Relouis;3.38;01.10.2010
Ногти;Лак для ногтей;Like Gel;Лак для ногтей с гелевым эффектом;1950-16;144;песочный бисквит;Relouis;3.38;01.10.2010
Ногти;Лак для ногтей;Like Gel;Лак для ногтей с гелевым эффектом;1950-16;146;поздняя вишня;Relouis;3.38;01.10.2010
Ногти;Лак для ногтей;Like Gel;Лак для ногтей с гелевым эффектом;1950-16;148;прованская лаванда;Relouis;3.38;01.10.2010
Ногти;Лак для ногтей;Like Gel;Лак для ногтей с гелевым эффектом;1950-16;149;пудровая пастель;Relouis;3.38;01.10.2010
Ногти;Лак для ногтей;Like Gel;Лак для ногтей с гелевым эффектом;1950-16;151;пьянящий бургунди;Relouis;3.38;01.10.2010
Ногти;Лак для ногтей;Like Gel;Лак для ногтей с гелевым эффектом;1950-16;187;сочный персик;Relouis;3.38;01.10.2010
Ногти;Лак для ногтей;Like Gel;Лак для ногтей с гелевым эффектом;1950-16;197;теплая орха;Relouis;3.38;01.10.2010
Ногти;Лак для ногтей;Like Gel;Лак для ногтей с гелевым эффектом;1950-16;56;аргентинское танго;Relouis;3.38;01.10.2010
Ногти;Лак для ногтей;Like Gel;Лак для ногтей с гелевым эффектом;1950-16;78;винтажный розовый;Relouis;3.38;01.10.2010
Ногти;Лак для ногтей;Like Gel;Лак для ногтей с гелевым эффектом;1950-16;85;дикая орхидея;Relouis;3.38;01.10.2010
Ногти;Лак для ногтей;Like Gel;Лак для ногтей с гелевым эффектом;1950-16;89;заснеженные альпы;Relouis;3.38;01.10.2010
Ногти;Лак для ногтей;Like Gel;Лак для ногтей с гелевым эффектом;1950-16;98;итальянский капучино;Relouis;3.38;01.10.2010
Губы;Блески для губ;Lip Lacquer;Блеск-лак для губ;1517-14;01;Adriana Top Glam;Professional;3.49;01.10.2010
Губы;Блески для губ;Lip Lacquer;Блеск-лак для губ;1517-14;05;Cindy Top Sparkle;Professional;3.49;01.10.2010
Губы;Блески для губ;Lip Lacquer;Блеск-лак для губ;1517-14;06;Claudia Top Chic;Professional;3.49;01.10.2010
Губы;Блески для губ;Lip Lacquer;Блеск-лак для губ;1517-14;11;Eva Top Lovely;Professional;3.49;01.10.2010
Губы;Блески для губ;Lip Lacquer;Блеск-лак для губ;1517-14;13;Gisele Top Pure;Professional;3.49;01.10.2010
Губы;Блески для губ;Lip Lacquer;Блеск-лак для губ;1517-14;15;Heidi Top Bloom;Professional;3.49;01.10.2010
Губы;Блески для губ;Lip Lacquer;Блеск-лак для губ;1517-14;16;Kate Top Hot;Professional;3.49;01.10.2010
Губы;Блески для губ;Lip Lacquer;Блеск-лак для губ;1517-14;18;Linda Top Glow;Professional;3.49;01.10.2010
Губы;Блески для губ;Lip Lacquer;Блеск-лак для губ;1517-14;21;Miranda Top Rich;Professional;3.49;01.10.2010
Губы;Блески для губ;Lip Lacquer;Блеск-лак для губ;1517-14;22;Naomi Top Red;Professional;3.49;01.10.2010
Губы;Блески для губ;Lip Lacquer;Блеск-лак для губ;1517-14;23;Natalia Top Mild;Professional;3.49;01.10.2010
Губы;Блески для губ;Lip Lacquer;Блеск-лак для губ;1517-14;51;Tyra Top Purple;Professional;3.49;01.10.2010
Ногти;Базовые покрытия и средства для укрепления ногтей;Double Iron ;Средство для укрепления ногтей;1926-13;71;Бесцветный;Relouis;3.72;01.10.2010
Ногти;Базовые покрытия и средства для укрепления ногтей;Golden Hard;Средство для укрепления ногтей;1925-13;71;Бесцветный;Relouis;3.72;01.10.2010
Ногти;Базовые покрытия и средства для укрепления ногтей;Mega Mix 5+5;Комплексное средство против ломкости ногтей;1938-14;71;Бесцветный;Relouis;3.72;01.10.2010
Ногти;Базовые покрытия и средства для укрепления ногтей;Milky Calcium Cocktail;Средство для укрепления ногтей;1940-14;71;Бесцветный;Relouis;3.72;01.10.2010
Ногти;Базовые покрытия и средства для укрепления ногтей;Sos Formula 5IN1;Средство для ухода за ногтями;1927-13;71;Бесцветный;Relouis;3.72;01.10.2010
Ногти;Базовые покрытия и средства для укрепления ногтей;Витаминный укрепитель для мягких ногтей;Средство для укрепления ногтей;1904-04;71;Бесцветный;Relouis;3.72;01.10.2010
Губы ;Гигиенические помады и бальзамы;Вкусняшка;Гигиеническая помада;600-12;91;зеленое яблоко;Relouis;3.72;01.10.2010
Ногти;Базовые покрытия и средства для укрепления ногтей;Восстанавливающая основа для ломких ногтей;Базовое покрытие;1906-04;71;Бесцветный;Relouis;3.72;01.10.2010
Ногти;Базовые покрытия и средства для укрепления ногтей;Гель с кальцием для утолщения ногтей;Средство для укрепления ногтей;1905-04;71;Бесцветный;Relouis;3.72;01.10.2010
Ногти;Базовые покрытия и средства для укрепления ногтей;Железный укрепитель ;Средство для укрепления ломких ногтей;1910-05;71;Бесцветный;Relouis;3.72;01.10.2010
Ногти;Базовые покрытия и средства для укрепления ногтей;Укрепитель 3 в 1;Средство для укрепления ногтей;1903-04;71;Бесцветный;Relouis;3.72;01.10.2010
Глаза;Подводки;Deep Eyes;Подводка для глаз;1415-14;208;Черный;Professional;3.77;01.10.2010
Глаза;Средства для бровей;Relouis карандаш для бровей;;1710-16;109;Коричневый;Relouis;3.82;01.10.2010
Глаза;Средства для бровей;Relouis карандаш для бровей;;1710-16;143;Песочный;Relouis;3.82;01.10.2010
Глаза;Средства для бровей;Relouis карандаш для бровей;;1710-16;195;Темно-серый;Relouis;3.82;01.10.2010
Глаза;Средства для бровей;Relouis карандаш для бровей;;1710-16;208;Черный;Relouis;3.82;01.10.2010
Глаза;Средства для бровей;Relouis карандаш для бровей;;1710-16;212;Шоколад;Relouis;3.82;01.10.2010
Глаза;Средства для бровей;Relouis карандаш для бровей;;1710-16;86;Дымчатый;Relouis;3.82;01.10.2010
Глаза;Средства для бровей;Relouis гель косметический;Для ресниц и бровей;1211-01;222;;Relouis;3.86;01.10.2010
Глаза;Тушь для ресниц;Glitter Collection ;Тушь для ресниц;1414-13;203;Фиолетовый;Relouis;3.9;01.10.2010
Глаза;Тушь для ресниц;Glitter Collection ;Тушь для ресниц;1414-13;83;Голубой;Relouis;3.9;01.10.2010
Губы;Губные помады;Premium Gold;Губная помада;553-16;300;;Relouis;3.91;01.10.2010
Губы;Губные помады;Premium Gold;Губная помада;553-16;301;;Relouis;3.91;01.10.2010
Губы;Губные помады;Premium Gold;Губная помада;553-16;302;;Relouis;3.91;01.10.2010
Губы;Губные помады;Premium Gold;Губная помада;553-16;303;;Relouis;3.91;01.10.2010
Губы;Губные помады;Premium Gold;Губная помада;553-16;308;;Relouis;3.91;01.10.2010
Губы;Губные помады;Premium Gold;Губная помада;553-16;309;;Relouis;3.91;01.10.2010
Губы;Губные помады;Premium Gold;Губная помада;553-16;311;;Relouis;3.91;01.10.2010
Губы;Губные помады;Premium Gold;Губная помада;553-16;312;;Relouis;3.91;01.10.2010
Губы;Губные помады;Premium Gold;Губная помада;553-16;313;;Relouis;3.91;01.10.2010
Губы;Губные помады;Premium Gold;Губная помада;553-16;314;;Relouis;3.91;01.10.2010
Губы;Губные помады;Premium Gold;Губная помада;553-16;320;;Relouis;3.91;01.10.2010
Губы;Губные помады;Premium Gold;Губная помада;553-16;322;;Relouis;3.91;01.10.2010
Губы;Губные помады;Premium Gold;Губная помада;553-16;325;;Relouis;3.91;01.10.2010
Губы;Губные помады;Premium Gold;Губная помада;553-16;329;;Relouis;3.91;01.10.2010
Губы;Губные помады;Premium Gold;Губная помада;553-16;336;;Relouis;3.91;01.10.2010
Губы;Губные помады;Premium Gold;Губная помада;553-16;337;;Relouis;3.91;01.10.2010
Губы;Губные помады;Premium Gold;Губная помада;553-16;338;;Relouis;3.91;01.10.2010
Губы;Губные помады;Premium Gold;Губная помада;553-16;339;;Relouis;3.91;01.10.2010
Губы;Губные помады;Premium Gold;Губная помада;553-16;350;;Relouis;3.91;01.10.2010
Губы;Губные помады;Premium Gold;Губная помада;553-16;367;;Relouis;3.91;01.10.2010
Губы;Губные помады;Premium Gold;Губная помада;553-16;372;;Relouis;3.91;01.10.2010
Губы;Губные помады;Premium Gold;Губная помада;553-16;375;;Relouis;3.91;01.10.2010
Губы;Губные помады;Premium Gold;Губная помада;553-16;380;;Relouis;3.91;01.10.2010
Губы;Губные помады;Premium Gold;Губная помада;553-16;383;;Relouis;3.91;01.10.2010
Губы;Губные помады;Premium Gold;Губная помада;553-16;385;;Relouis;3.91;01.10.2010
Губы;Губные помады;Premium Gold;Губная помада;553-16;398;;Relouis;3.91;01.10.2010
Глаза;Средства для бровей;Brow Wow;Карандаш механический для бровей;1706-15;109;Коричневый;Relouis;3.92;01.10.2010
Глаза;Средства для бровей;Brow Wow;Карандаш механический для бровей;1706-15;168;Светлый;Relouis;3.92;01.10.2010
Глаза;Средства для бровей;Brow Wow;Карандаш механический для бровей;1706-15;194;Телесный;Relouis;3.92;01.10.2010
Глаза;Средства для бровей;Brow Wow;Карандаш механический для бровей;1706-15;86;Дымчатый;Relouis;3.92;01.10.2010
Ногти;Топовые покрытия;Моментальная сушка;Средство для ускорения сушки маникюра;1909-05;71;Бесцветный;Relouis;3.92;01.10.2010
Глаза;Тушь для ресниц;XXXL;Тушь для ресниц;458-13;208;Черный;Relouis;4.09;01.10.2010
Глаза;Подводки;Elite подводка для глаз;;1421-02;208;Черный;Relouis;4.13;01.10.2010
Глаза;Тушь для ресниц;Gold Цветная;Тушь для ресниц;410-08;109;Коричневый;Relouis;4.26;01.10.2010
Глаза;Тушь для ресниц;Gold Цветная;Тушь для ресниц;409-08;174;Синий;Relouis;4.26;01.10.2010
Глаза;Тушь для ресниц;Gold Цветная;Тушь для ресниц;413-10;67;Баклажан;Relouis;4.26;01.10.2010
Глаза;Тушь для ресниц;Dolly объемная ;Тушь для ресниц;451-01;208;Черный;Relouis;4.3;01.10.2010
Глаза;Тушь для ресниц;Dolly удлиняющая ;Тушь для ресниц;431-01;208;Черный;Relouis;4.3;01.10.2010
Глаза;Тушь для ресниц;Gold объемная;Тушь для ресниц;401-01;208;Черный;Relouis;4.3;01.10.2010
Глаза;Тушь для ресниц;Gold с подкручивающим эффектом;Тушь для ресниц;411-01;208;Черный;Relouis;4.3;01.10.2010
Ногти;Лак для ногтей;Metal Glam ;Лак для ногтей;1951-16;397;;Relouis;4.31;01.10.2010
Ногти;Лак для ногтей;Metal Glam ;Лак для ногтей;1951-16;399;;Relouis;4.31;01.10.2010
Ногти;Лак для ногтей;Metal Glam ;Лак для ногтей;1951-16;400;;Relouis;4.31;01.10.2010
Ногти;Лак для ногтей;Metal Glam ;Лак для ногтей;1951-16;401;;Relouis;4.31;01.10.2010
Ногти;Лак для ногтей;Metal Glam ;Лак для ногтей;1951-16;402;;Relouis;4.31;01.10.2010
Ногти;Лак для ногтей;Passion;Лак для ногтей;1959-17;02;affection;Relouis;4.33;01.10.2010
Ногти;Лак для ногтей;Passion;Лак для ногтей;1959-17;10;Ecstasy;Relouis;4.33;01.10.2010
Ногти;Лак для ногтей;Passion;Лак для ногтей;1959-17;31;satisfaction;Relouis;4.33;01.10.2010
Ногти;Лак для ногтей;Passion;Лак для ногтей;1959-17;34;Temptation;Relouis;4.33;01.10.2010
Ногти ;Уход за ногтями и кутикулой;Helpful Oil;Масло увлажняющее для кутикулы;1941-14;71;Бесцветный;Relouis;4.34;01.10.2010
Губы;Блески для губ;Fashion Gloss;Блеск для губ с зеркальным эффектом;1515-12;100;Каприз Барселоны;Relouis;4.39;01.10.2010
Губы;Блески для губ;Fashion Gloss;Блеск для губ с зеркальным эффектом;1515-12;122;Лоск Ниццы;Relouis;4.39;01.10.2010
Губы;Блески для губ;Fashion Gloss;Блеск для губ с зеркальным эффектом;1515-12;128;Мода Милана;Relouis;4.39;01.10.2010
Губы;Блески для губ;Fashion Gloss;Блеск для губ с зеркальным эффектом;1515-12;138;Овации в Каннах;Relouis;4.39;01.10.2010
Губы;Блески для губ;Fashion Gloss;Блеск для губ с зеркальным эффектом;1515-12;139;Огни Нью-Йорка;Relouis;4.39;01.10.2010
Губы;Блески для губ;Fashion Gloss;Блеск для губ с зеркальным эффектом;1515-12;145;Пламя Мадрида;Relouis;4.39;01.10.2010
Губы;Блески для губ;Fashion Gloss;Блеск для губ с зеркальным эффектом;1515-12;159;Роскошь Монако;Relouis;4.39;01.10.2010
Губы;Блески для губ;Fashion Gloss;Блеск для губ с зеркальным эффектом;1515-12;175;Сияние Вены;Relouis;4.39;01.10.2010
Губы;Блески для губ;Fashion Gloss;Блеск для губ с зеркальным эффектом;1515-12;183;Соблазн Бали;Relouis;4.39;01.10.2010
Губы;Блески для губ;Fashion Gloss;Блеск для губ с зеркальным эффектом;1515-12;184;Совершенство Женевы;Relouis;4.39;01.10.2010
Губы;Блески для губ;Fashion Gloss;Блеск для губ с зеркальным эффектом;1515-12;185;Софиты Токио;Relouis;4.39;01.10.2010
Губы;Блески для губ;Fashion Gloss;Блеск для губ с зеркальным эффектом;1515-12;191;Страсть Рио;Relouis;4.39;01.10.2010
Губы;Блески для губ;Fashion Gloss;Блеск для губ с зеркальным эффектом;1515-12;192;Тайны Лондона;Relouis;4.39;01.10.2010
Губы;Блески для губ;Fashion Gloss;Блеск для губ с зеркальным эффектом;1515-12;209;Шарм Праги;Relouis;4.39;01.10.2010
Губы;Блески для губ;Fashion Gloss;Блеск для губ с зеркальным эффектом;1515-12;210;Шедевры Рима;Relouis;4.39;01.10.2010
Губы;Блески для губ;Fashion Gloss;Блеск для губ с зеркальным эффектом;1515-12;211;Шик Майами;Relouis;4.39;01.10.2010
Губы;Блески для губ;Fashion Gloss;Блеск для губ с зеркальным эффектом;1515-12;80;Восторг Парижа;Relouis;4.39;01.10.2010
Губы;Блески для губ;Fashion Gloss;Блеск для губ с зеркальным эффектом;1515-12;84;Грезы Лос-Анджелеса;Relouis;4.39;01.10.2010
Губы;Блески для губ;Fashion Gloss;Блеск для губ с зеркальным эффектом;1515-12;97;Интриги Монте-Карло;Relouis;4.39;01.10.2010
Ногти ;Пилочки из богемского стекла;Bohemia в бархатном чехле;Пилочка для ногтей;120-14;189;Стеклянный;Relouis;4.45;01.10.2010
Губы;Блески для губ;La Mia Italia блеск для губ;С маслом карите;1516-13;102;Карамельная нега ;La Mia Italia;4.45;01.10.2010
Губы;Блески для губ;La Mia Italia блеск для губ;С маслом карите;1516-13;111;кофе глясе;La Mia Italia;4.45;01.10.2010
Губы;Блески для губ;La Mia Italia блеск для губ;С маслом карите;1516-13;112;кофейная глазурь ;La Mia Italia;4.45;01.10.2010
Губы;Блески для губ;La Mia Italia блеск для губ;С маслом карите;1516-13;118;Лавандовый мотив;La Mia Italia;4.45;01.10.2010
Губы;Блески для губ;La Mia Italia блеск для губ;С маслом карите;1516-13;125;Малиновое мороженное;La Mia Italia;4.45;01.10.2010
Губы;Блески для губ;La Mia Italia блеск для губ;С маслом карите;1516-13;137;нюдовая глазурь ;La Mia Italia;4.45;01.10.2010
Губы;Блески для губ;La Mia Italia блеск для губ;С маслом карите;1516-13;140;Первый поцелуй;La Mia Italia;4.45;01.10.2010
Губы;Блески для губ;La Mia Italia блеск для губ;С маслом карите;1516-13;150;Пурпурный закат;La Mia Italia;4.45;01.10.2010
Губы;Блески для губ;La Mia Italia блеск для губ;С маслом карите;1516-13;156;Розовый жемчуг;La Mia Italia;4.45;01.10.2010
Губы;Блески для губ;La Mia Italia блеск для губ;С маслом карите;1516-13;158;роскошный штрих;La Mia Italia;4.45;01.10.2010
Губы;Блески для губ;La Mia Italia блеск для губ;С маслом карите;1516-13;161;Рябиновые бусы;La Mia Italia;4.45;01.10.2010
Губы;Блески для губ;La Mia Italia блеск для губ;С маслом карите;1516-13;179;Сладкие грезы;La Mia Italia;4.45;01.10.2010
Губы;Блески для губ;La Mia Italia блеск для губ;С маслом карите;1516-13;213;ягодная глазурь;La Mia Italia;4.45;01.10.2010
Губы;Блески для губ;La Mia Italia блеск для губ;С маслом карите;1516-13;214;Ягодный миск;La Mia Italia;4.45;01.10.2010
Губы;Блески для губ;La Mia Italia блеск для губ;С маслом карите;1516-13;72;Бриллиантовая россыпь;La Mia Italia;4.45;01.10.2010
Губы;Блески для губ;La Mia Italia блеск для губ;С маслом карите;1516-13;76;Весенняя нежность ;La Mia Italia;4.45;01.10.2010
Губы;Блески для губ;La Mia Italia блеск для губ;С маслом карите;1516-13;79;вишневый пунш;La Mia Italia;4.45;01.10.2010
Губы;Блески для губ;La Mia Italia блеск для губ;С маслом карите;1516-13;81;гламурный шик;La Mia Italia;4.45;01.10.2010
Губы;Блески для губ;La Mia Italia блеск для губ;С маслом карите;1516-13;93;Земляника со сливками;La Mia Italia;4.45;01.10.2010
Ногти;Топовые покрытия;Matt Top;Матовое верхнее покрытия лака для ногтей;1953-16;71;Бесцветный;Relouis;4.54;01.10.2010
Глаза;Средства для бровей;Fix&Color;Оттеночный гель для бровей;1213-14;109;Коричневый;Professional;4.77;01.10.2010
Глаза;Средства для бровей;Fix&Color;Оттеночный гель для бровей;1213-14;168;Светлый;Professional;4.77;01.10.2010
Глаза;Средства для бровей;Fix&Color;Оттеночный гель для бровей;1213-14;171;Серый;Professional;4.77;01.10.2010
Глаза;Средства для бровей;Fix&Color;Оттеночный гель для бровей;1213-14;208;Черный;Professional;4.77;01.10.2010
Глаза;Уход за ресницами;Длинные ресницы;Гель для ускорения роста ресниц;1212-11;71;Бесцветный;Relouis;4.77;01.10.2010
Глаза;Тушь для ресниц;Elite тройной эффект ;Тушь для ресниц;403-06;208;Черный;Relouis;4.82;01.10.2010
Губы;Жидкие губные помады;Nude Matte Complimenti ;Матовая жидкая помада;733-16;750;;Complimenti ;4.98;01.10.2010
Губы;Жидкие губные помады;Nude Matte Complimenti ;Матовая жидкая помада;733-16;751;;Complimenti ;4.98;01.10.2010
Губы;Жидкие губные помады;Nude Matte Complimenti ;Матовая жидкая помада;733-16;752;;Complimenti ;4.98;01.10.2010
Губы;Жидкие губные помады;Nude Matte Complimenti ;Матовая жидкая помада;733-16;753;;Complimenti ;4.98;01.10.2010
Губы;Жидкие губные помады;Nude Matte Complimenti ;Матовая жидкая помада;733-16;754;;Complimenti ;4.98;01.10.2010
Губы;Жидкие губные помады;Nude Matte Complimenti ;Матовая жидкая помада;733-16;755;;Complimenti ;4.98;01.10.2010
Лицо;Скульптор;Relouis Pro Sculpting Powder;Пудра-скульптор ;758-17;201;Универсальная;Relouis Pro ;5;01.10.2010
Губы;Жидкие губные помады;True Matte Complimenti ;Матовая жидкая помада;732-15;920;;Complimenti ;5;01.10.2010
Губы;Жидкие губные помады;True Matte Complimenti ;Матовая жидкая помада;732-15;921;;Complimenti ;5;01.10.2010
Губы;Жидкие губные помады;True Matte Complimenti ;Матовая жидкая помада;732-15;922;;Complimenti ;5;01.10.2010
Губы;Жидкие губные помады;True Matte Complimenti ;Матовая жидкая помада;732-15;923;;Complimenti ;5;01.10.2010
Губы;Жидкие губные помады;True Matte Complimenti ;Матовая жидкая помада;732-15;924;;Complimenti ;5;01.10.2010
Губы;Жидкие губные помады;True Matte Complimenti ;Матовая жидкая помада;732-15;925;;Complimenti ;5;01.10.2010
Губы;Жидкие губные помады;True Matte Complimenti ;Матовая жидкая помада;732-15;926;;Complimenti ;5;01.10.2010
Губы;Жидкие губные помады;True Matte Complimenti ;Матовая жидкая помада;732-15;927;;Complimenti ;5;01.10.2010
Губы;Жидкие губные помады;True Matte Complimenti ;Матовая жидкая помада;732-15;928;;Complimenti ;5;01.10.2010
Ногти;Топовые покрытия;Super Gel Top;Верхнее покрытие лака для ногтей;1942-15;71;Бесцветный;Relouis;5.02;01.10.2010
Глаза;Тушь для ресниц;Top Model объем + удлинение ;Тушь для ресниц;457-12;208;Черный;Relouis;5.12;01.10.2010
Ногти ;Уход за ногтями и кутикулой;Cuticle Softener;Средство для смягчения кутикулы;1915-09;71;Бесцветный;Relouis;5.6;01.10.2010
Глаза;Тени;Relouis Pro Eyeshadow Matte;Тени для век;753-17;109;Коричневый;Relouis Pro ;5.62;01.10.2010
Глаза;Тени;Relouis Pro Eyeshadow Matte;Тени для век;753-17;152;Розовато-лиловый;Relouis Pro ;5.62;01.10.2010
Глаза;Тени;Relouis Pro Eyeshadow Matte;Тени для век;753-17;172;Серый карбон;Relouis Pro ;5.62;01.10.2010
Глаза;Тени;Relouis Pro Eyeshadow Matte;Тени для век;753-17;181;Слоновая кость;Relouis Pro ;5.62;01.10.2010
Глаза;Тени;Relouis Pro Eyeshadow Matte;Тени для век;753-17;195;Темно-коричневый;Relouis Pro ;5.62;01.10.2010
Глаза;Тени;Relouis Pro Eyeshadow Matte;Тени для век;753-17;206;Холодный кофе;Relouis Pro ;5.62;01.10.2010
Глаза;Тени;Relouis Pro Eyeshadow Matte;Тени для век;753-17;53;Акулья кожа;Relouis Pro ;5.62;01.10.2010
Глаза;Тени;Relouis Pro Eyeshadow Satin;Тени для век;754-17;108;Корицы;Relouis Pro ;5.62;01.10.2010
Глаза;Тени;Relouis Pro Eyeshadow Satin;Тени для век;754-17;130;Мороженное;Relouis Pro ;5.62;01.10.2010
Глаза;Тени;Relouis Pro Eyeshadow Satin;Тени для век;754-17;155;Розовый;Relouis Pro ;5.62;01.10.2010
Глаза;Тени;Relouis Pro Eyeshadow Satin;Тени для век;754-17;74;Верблюжевый;Relouis Pro ;5.62;01.10.2010
Глаза;Тени;Relouis Pro Eyeshadow Satin;Тени для век;754-17;90;Зеленого чая;Relouis Pro ;5.62;01.10.2010
Лицо;Маскирующие средства;Cover Expert;Консилер;804-14;121;Легкий загар ;Professional;5.64;01.10.2010
Лицо;Маскирующие средства;Cover Expert;Консилер;804-14;134;Натуральный бежевый;Professional;5.64;01.10.2010
Лицо;Маскирующие средства;Cover Expert;Консилер;804-14;169;Светлый бежевый;Professional;5.64;01.10.2010
Губы ;Тинт для губ;Kiss Me Again;Оттеночный гель-тинт для губ;1518-16;107;Коралловый;Relouis;5.81;01.10.2010
Губы ;Тинт для губ;Kiss Me Again;Оттеночный гель-тинт для губ;1518-16;114;красный;Relouis;5.81;01.10.2010
Губы ;Тинт для губ;Kiss Me Again;Оттеночный гель-тинт для губ;1518-16;205;фуксия;Relouis;5.81;01.10.2010
Губы ;Тинт для губ;Kiss Me Again;Оттеночный гель-тинт для губ;1518-16;207;черничный;Relouis;5.81;01.10.2010
Глаза;Тушь для ресниц;Deep Black ;Тушь для ресниц суперобъемная;404-07;208;Черный;Relouis;5.95;01.10.2010
Глаза;Тушь для ресниц;Пышные реснички;Тушь для ресниц;405-07;208;Черный;Relouis;5.95;01.10.2010
Глаза;Тушь для ресниц;Пышные реснички с ароматом розы;Тушь для ресниц;455-11;208;Черный;Relouis;5.95;01.10.2010
Губы;Жидкие губные помады;Heavy Metal;Помада губная жидкая;734-17;650;;Relouis;6.02;01.10.2010
Губы;Жидкие губные помады;Heavy Metal;Помада губная жидкая;734-17;651;;Relouis;6.02;01.10.2010
Губы;Жидкие губные помады;Heavy Metal;Помада губная жидкая;734-17;652;;Relouis;6.02;01.10.2010
Губы;Жидкие губные помады;Heavy Metal;Помада губная жидкая;734-17;653;;Relouis;6.02;01.10.2010
Губы;Жидкие губные помады;Heavy Metal;Помада губная жидкая;734-17;654;;Relouis;6.02;01.10.2010
Губы;Жидкие губные помады;Heavy Metal;Помада губная жидкая;734-17;655;;Relouis;6.02;01.10.2010
Губы;Жидкие губные помады;Heavy Metal;Помада губная жидкая;734-17;656;;Relouis;6.02;01.10.2010
Губы;Жидкие губные помады;Heavy Metal;Помада губная жидкая;734-17;657;;Relouis;6.02;01.10.2010
Глаза;Средства для бровей;Brow Permanent Marker ;Фломастер для бровей;1707-16;109;Коричневый;Relouis;6.03;01.10.2010
Глаза;Средства для бровей;Brow Permanent Marker ;Фломастер для бровей;1707-16;168;Светлый;Relouis;6.03;01.10.2010
Глаза;Средства для бровей;Brow Permanent Marker ;Фломастер для бровей;1707-16;195;Темно-коричневый;Relouis;6.03;01.10.2010
Глаза;Тени;Relouis Pro Eyeshadow Metal;Тени для век;755-17;141;Персиковый;Relouis Pro ;6.03;01.10.2010
Глаза;Тени;Relouis Pro Eyeshadow Metal;Тени для век;755-17;55;Антрацит;Relouis Pro ;6.03;01.10.2010
Глаза;Тени;Relouis Pro Eyeshadow Metal;Тени для век;755-17;87;Желтый ;Relouis Pro ;6.03;01.10.2010
Глаза;Тени;Relouis Pro Eyeshadow Metal;Тени для век;755-17;95;Золотой ;Relouis Pro ;6.03;01.10.2010
Глаза;Тени;Relouis Pro Eyeshadow Metal;Тени для век;755-17;99;Какао;Relouis Pro ;6.03;01.10.2010
Глаза;Тушь для ресниц;Complimenti объемная;Тушь для ресниц;466-15;208;Черный;Complimenti;6.07;01.10.2010
Лицо ;Румяна;Relouis Pro Blush  ;Румяна компактные ;757-17;110;Коричневый сахар;Relouis Pro;6.16;01.10.2010
Лицо ;Румяна;Relouis Pro Blush  ;Румяна компактные ;757-17;147;Поцелуй солнца ;Relouis Pro;6.16;01.10.2010
Лицо ;Румяна;Relouis Pro Blush  ;Румяна компактные ;757-17;153;Розовая лилия;Relouis Pro;6.16;01.10.2010
Лицо ;Румяна;Relouis Pro Blush  ;Румяна компактные ;757-17;187;Сочный персик;Relouis Pro;6.16;01.10.2010
Лицо ;Румяна;Relouis Pro Blush  ;Румяна компактные ;757-17;73;Букет сирени;Relouis Pro;6.16;01.10.2010
Лицо ;Румяна;Relouis Pro Blush  ;Румяна компактные ;757-17;75;Весенний день;Relouis Pro;6.16;01.10.2010
Глаза;Тушь для ресниц;Mascarad ;Тушь для ресниц объемная;472-17;174;Синий;Relouis;6.25;01.10.2010
Глаза;Тушь для ресниц;Mascarad ;Тушь для ресниц объемная;474-17;92;Зеленый;Relouis;6.25;01.10.2010
Лицо;Тональные основы;Relouis с витамином Е;Тональный крем ;831-04;121;Легкий загар ;Relouis;6.31;01.10.2010
Лицо;Тональные основы;Relouis с витамином Е;Тональный крем ;831-04;134;Натуральный бежевый;Relouis;6.31;01.10.2010
Лицо;Тональные основы;Relouis с витамином Е;Тональный крем ;831-04;143;Песочный;Relouis;6.31;01.10.2010
Лицо;Тональные основы;Relouis с витамином Е;Тональный крем ;831-04;169;Светлый бежевый;Relouis;6.31;01.10.2010
Глаза;Тушь для ресниц;Complimenti суперобъемная;Тушь для ресниц;467-15;208;Черный;Complimenti;6.34;01.10.2010
Лицо ;Румяна;Relouis Pro Blush Duo;Румяна компактные ;760-17;550;;Relouis Pro;6.47;01.10.2010
Лицо ;Румяна;Relouis Pro Blush Duo;Румяна компактные ;760-17;551;;Relouis Pro;6.47;01.10.2010
Лицо ;Румяна;Relouis Pro Blush Duo;Румяна компактные ;760-17;552;;Relouis Pro;6.47;01.10.2010
Лицо ;Румяна;Relouis Pro Blush Duo;Румяна компактные ;760-17;553;;Relouis Pro;6.47;01.10.2010
Лицо ;Румяна;Relouis Pro Blush Duo;Румяна компактные ;760-17;554;;Relouis Pro;6.47;01.10.2010
Лицо ;Румяна;Relouis Pro Blush Duo;Румяна компактные ;760-17;555;;Relouis Pro;6.47;01.10.2010
Глаза;Тушь для ресниц;Extra Lash;Тушь для ресниц;407-08;208;Черный;Relouis;6.53;01.10.2010
Глаза;Тушь для ресниц;Professional;Тушь с эффектом накладных ресниц;456-12;208;Черный;Professional;6.53;01.10.2015
Глаза;Тушь для ресниц;Lash Couturier Alta Moda;Тушь для ресниц суперобъемная;470-16;208;Черный;Alta Moda;6.56;01.10.2010
Губы;Губные помады;La Mia Italia помада губная;;704-14;900;Trendy Nude Coffee;La Mia Italia;6.57;01.10.2010
Губы;Губные помады;La Mia Italia помада губная;;704-14;901;Trendy Nude Creamy;La Mia Italia;6.57;01.10.2010
Губы;Губные помады;La Mia Italia помада губная;;704-14;902;Trendy Nude Dark;La Mia Italia;6.57;01.10.2010
Губы;Губные помады;La Mia Italia помада губная;;704-14;903;Trendy Nude Natural;La Mia Italia;6.57;01.10.2010
Губы;Губные помады;La Mia Italia помада губная;;704-14;904;Trendy Pink Berry;La Mia Italia;6.57;01.10.2010
Губы;Губные помады;La Mia Italia помада губная;;704-14;905;Trendy Pink Gentle;La Mia Italia;6.57;01.10.2010
Губы;Губные помады;La Mia Italia помада губная;;704-14;906;Trendy Pink Pastel;La Mia Italia;6.57;01.10.2010
Губы;Губные помады;La Mia Italia помада губная;;704-14;907;Trendy Pink Sweet;La Mia Italia;6.57;01.10.2010
Губы;Губные помады;La Mia Italia помада губная;;704-14;908;Trendy Red Coral;La Mia Italia;6.57;01.10.2010
Губы;Губные помады;La Mia Italia помада губная;;704-14;909;Trendy Red Flamy;La Mia Italia;6.57;01.10.2010
Губы;Губные помады;La Mia Italia помада губная;;704-14;910;Trendy Red Rubin;La Mia Italia;6.57;01.10.2010
Губы;Губные помады;La Mia Italia помада губная;;704-14;911;Trendy Red Sensual;La Mia Italia;6.57;01.10.2010
Губы;Губные помады;La Mia Italia помада губная;;704-14;912;Trendy Wine Deep;La Mia Italia;6.57;01.10.2010
Губы;Губные помады;La Mia Italia помада губная;;704-14;913;Trendy Wine Orphic;La Mia Italia;6.57;01.10.2010
Губы;Губные помады;La Mia Italia помада губная;;704-14;914;Trendy Wine Plum;La Mia Italia;6.57;01.10.2010
Губы;Губные помады;La Mia Italia помада губная;;704-14;915;Trendy Wine Rich;La Mia Italia;6.57;01.10.2010
Ногти ;Пилочки из богемского стекла;Bohemia в пластмассовом футляре;Пилочка для ногтей;128-14;189;Стеклянный;Relouis;6.61;01.10.2010
Глаза;Тушь для ресниц;Delicious Dramatic Decision;Тушь для ресниц с эффектом сценического объема;468-16;208;Черный;Relouis;6.68;01.10.2010
Ногти ;Уход за ногтями и кутикулой;Ideal Manicure;Корректор лака для ногтей;1952-16;71;Бесцветный;Relouis;6.69;01.10.2010
Губы;Губные помады;Сапфир атласная;Помада губная с гиалуроновой кислотой;778-14;940;;Relouis;6.7;01.10.2010
Губы;Губные помады;Сапфир атласная;Помада губная с гиалуроновой кислотой;778-14;941;;Relouis;6.7;01.10.2010
Губы;Губные помады;Сапфир атласная;Помада губная с гиалуроновой кислотой;778-14;942;;Relouis;6.7;01.10.2010
Губы;Губные помады;Сапфир атласная;Помада губная с гиалуроновой кислотой;778-14;943;;Relouis;6.7;01.10.2010
Губы;Губные помады;Сапфир атласная;Помада губная с гиалуроновой кислотой;778-14;944;;Relouis;6.7;01.10.2010
Губы;Губные помады;Сапфир атласная;Помада губная с гиалуроновой кислотой;778-14;945;;Relouis;6.7;01.10.2010
Губы;Губные помады;Сапфир атласная;Помада губная с гиалуроновой кислотой;778-14;946;;Relouis;6.7;01.10.2010
Губы;Губные помады;Сапфир атласная;Помада губная с гиалуроновой кислотой;778-14;947;;Relouis;6.7;01.10.2010
Губы;Губные помады;Сапфир атласная;Помада губная с гиалуроновой кислотой;778-14;948;;Relouis;6.7;01.10.2010
Губы;Губные помады;Сапфир атласная;Помада губная с гиалуроновой кислотой;778-14;949;;Relouis;6.7;01.10.2010
Губы;Губные помады;Сапфир атласная;Помада губная с гиалуроновой кислотой;778-14;950;;Relouis;6.7;01.10.2010
Губы;Губные помады;Сапфир атласная;Помада губная с гиалуроновой кислотой;778-14;951;;Relouis;6.7;01.10.2010
Лицо;Средства для стробинга;Relouis Pro Highlighter;Хайлайтер компактный ;759-17;88;Жемчужный;Relouis Pro ;6.86;01.10.2010
Лицо;Средства для стробинга;Relouis Pro Highlighter;Хайлайтер компактный ;759-17;94;Золотистый ;Relouis Pro ;6.86;01.10.2010
Губы;Контурные карандаши;Relouis карандаш контурный для губ;С витамином Е;1708-16;400;;Relouis;7.4;01.10.2010
Губы;Контурные карандаши;Relouis карандаш контурный для губ;С витамином Е;1708-16;401;;Relouis;7.4;01.10.2010
Губы;Контурные карандаши;Relouis карандаш контурный для губ;С витамином Е;1708-16;402;;Relouis;7.4;01.10.2010
Губы;Контурные карандаши;Relouis карандаш контурный для губ;С витамином Е;1708-16;403;;Relouis;7.4;01.10.2010
Губы;Контурные карандаши;Relouis карандаш контурный для губ;С витамином Е;1708-16;404;;Relouis;7.4;01.10.2010
Губы;Контурные карандаши;Relouis карандаш контурный для губ;С витамином Е;1708-16;405;;Relouis;7.4;01.10.2010
Губы;Контурные карандаши;Relouis карандаш контурный для губ;С витамином Е;1708-16;406;;Relouis;7.4;01.10.2010
Губы;Контурные карандаши;Relouis карандаш контурный для губ;С витамином Е;1708-16;407;;Relouis;7.4;01.10.2010
Губы;Контурные карандаши;Relouis карандаш контурный для губ;С витамином Е;1708-16;408;;Relouis;7.4;01.10.2010
Губы;Контурные карандаши;Relouis карандаш контурный для губ;С витамином Е;1708-16;409;;Relouis;7.4;01.10.2010
Губы;Контурные карандаши;Relouis карандаш контурный для губ;С витамином Е;1708-16;410;;Relouis;7.4;01.10.2010
Губы;Контурные карандаши;Relouis карандаш контурный для губ;С витамином Е;1708-16;411;;Relouis;7.4;01.10.2010
Губы;Контурные карандаши;Relouis карандаш контурный для губ;С витамином Е;1708-16;412;;Relouis;7.4;01.10.2010
Губы;Контурные карандаши;Relouis карандаш контурный для губ;С витамином Е;1708-16;413;;Relouis;7.4;01.10.2010
Губы;Контурные карандаши;Relouis карандаш контурный для губ;С витамином Е;1708-16;414;;Relouis;7.4;01.10.2010
Губы;Контурные карандаши;Relouis карандаш контурный для губ;С витамином Е;1708-16;415;;Relouis;7.4;01.10.2010
Губы;Контурные карандаши;Relouis карандаш контурный для губ;С витамином Е;1708-16;416;;Relouis;7.4;01.10.2010
Губы;Контурные карандаши;Relouis карандаш контурный для губ;С витамином Е;1708-16;417;;Relouis;7.4;01.10.2010
Глаза;Контурные карандаши;Relouis контурный карандаш для глаз;С витамином Е;1709-16;109;Коричневый;Relouis;7.4;01.10.2010
Глаза;Контурные карандаши;Relouis контурный карандаш для глаз;С витамином Е;1709-16;171;Серый;Relouis;7.4;01.10.2010
Глаза;Контурные карандаши;Relouis контурный карандаш для глаз;С витамином Е;1709-16;173;Серый металлик;Relouis;7.4;01.10.2010
Глаза;Контурные карандаши;Relouis контурный карандаш для глаз;С витамином Е;1709-16;174;Синий;Relouis;7.4;01.10.2010
Глаза;Контурные карандаши;Relouis контурный карандаш для глаз;С витамином Е;1709-16;208;Черный;Relouis;7.4;01.10.2010
Глаза;Контурные карандаши;Relouis контурный карандаш для глаз;С витамином Е;1709-16;70;Белый;Relouis;7.4;01.10.2010
Глаза;Контурные карандаши;Relouis контурный карандаш для глаз;С витамином Е;1709-16;92;Зеленый;Relouis;7.4;01.10.2010
Лицо;Пудры;Relouis пудра;Порошкообразная;151-00;134;Натуральный бежевый;Relouis;7.66;01.10.2010
Лицо;Пудры;Relouis пудра;Порошкообразная;151-00;143;Песочный;Relouis;7.66;01.10.2010
Лицо;Пудры;Relouis пудра;Порошкообразная;151-00;169;Светлый бежевый;Relouis;7.66;01.10.2010
Лицо ;Румяна;Soft Shade;Румяна в шариках;332-12;134;Натуральный бежевый;Professional;7.66;01.10.2015
Лицо ;Румяна;Soft Shade;Румяна в шариках;332-12;134;Натуральный розовый;Professional;7.66;01.10.2015
Лицо ;Румяна;Soft Shade;Румяна в шариках;332-12;141;Персиковый;Professional;7.66;01.10.2015
Лицо ;Румяна;Soft Shade;Румяна в шариках;332-12;157;Розовый персик;Professional;7.66;01.10.2015
Лицо ;Румяна;Soft Shade;Румяна в шариках;332-12;196;Темный персик ;Professional;7.66;01.10.2015
Лицо;Тональные основы;Double Touch ;Увлажняющий тональный крем;861-07;167;Светло-бежевый;Relouis;8.3;01.10.2010
Лицо;Тональные основы;Double Touch ;Увлажняющий тональный крем;861-07;176;Сияющий бежевый;Relouis;8.3;01.10.2010
Лицо;Тональные основы;Double Touch ;Увлажняющий тональный крем;861-07;200;Теплый-бежевый;Relouis;8.3;01.10.2010
Лицо;Тональные основы;Complimenti тональный крем; С пудровым финишем;901-16;134;Натуральный бежевый;Complimenti;8.46;01.10.2010
Лицо;Тональные основы;Complimenti тональный крем; С пудровым финишем;901-16;167;Светло-бежевый;Complimenti;8.46;01.10.2010
Лицо;Тональные основы;Complimenti тональный крем; С пудровым финишем;901-16;176;Сияющий бежевый;Complimenti;8.46;01.10.2010
Лицо;Тональные основы;Complimenti тональный крем; С пудровым финишем;901-16;200;Теплый бежевый;Complimenti;8.46;01.10.2010
Лицо;Средства для стробинга;Complimenti хайлайтер;Хайлайтер в шариках;163-15;88;Жемчужный;Complimenti ;8.64;01.10.2010
Лицо;Средства для стробинга;Complimenti хайлайтер;Хайлайтер в шариках;163-15;94;Золотистый ;Complimenti ;8.64;01.10.2010
Лицо;Тональные основы;Skin Perfection ;Тональный крем-лифтинг;871-12;134;Натуральный бежевый;Relouis;8.64;01.10.2010
Лицо;Тональные основы;Skin Perfection ;Тональный крем-лифтинг;871-12;167;Светло-бежевый;Relouis;8.64;01.10.2010
Лицо;Тональные основы;Skin Perfection ;Тональный крем-лифтинг;871-12;176;Сияющий бежевый;Relouis;8.64;01.10.2010
Лицо;Пудры;La Mia Italia пудра  ;Микронизированная;700-12;121;Легкий загар ;La Mia Italia;8.8;01.10.2010
Лицо;Пудры;La Mia Italia пудра  ;Микронизированная;700-12;134;Натуральный бежевый;La Mia Italia;8.8;01.10.2010
Лицо;Пудры;La Mia Italia пудра  ;Микронизированная;700-12;169;Светлый бежевый;La Mia Italia;8.8;01.10.2010
Лицо;Пудры;La Mia Italia пудра  ;Микронизированная;700-12;181;Слоновая кость;La Mia Italia;8.8;01.10.2010
Лицо;Пудры;La Mia Italia пудра  ;Микронизированная;700-12;200;Теплый бежевый;La Mia Italia;8.8;01.10.2010
Лицо;Пудры;Complimenti пудра ;Матирующая ;730-15;133;Натуральный беж;Complimenti;8.91;01.10.2010
Лицо;Пудры;Complimenti пудра ;Матирующая ;730-15;166;Светлая охра;Complimenti;8.91;01.10.2010
Лицо;Пудры;Complimenti пудра ;Матирующая ;730-15;181;Слоновая кость;Complimenti;8.91;01.10.2010
Лицо;Пудры;Complimenti пудра ;Матирующая ;730-15;199;Теплый беж ;Complimenti;8.91;01.10.2010
Лицо;Пудры;Complimenti пудра ;Матирующая ;730-15;202;Фарфоровая кожа;Complimenti;8.91;01.10.2010
Лицо;Пудры;Silk Touch; Пудра в шариках;162-12;134;Натуральный бежевый;Professional;8.91;01.10.2015
Лицо;Пудры;Silk Touch; Пудра в шариках;162-12;143;Песочный;Professional;8.91;01.10.2015
Лицо;Пудры;Silk Touch; Пудра в шариках;162-12;169;Светлый бежевый;Professional;8.91;01.10.2015
Лицо;Пудры;Prophotoshop ;Пудра со светоотражающим эффектом;751-14;132;Мягкая ретушь;Professional;9.84;01.10.2015
Лицо;Пудры;Prophotoshop ;Пудра со светоотражающим эффектом;751-14;170;Светочная коррекция;Professional;9.84;01.10.2015
Лицо;Пудры;Prophotoshop ;Пудра со светоотражающим эффектом;751-14;96;Идеальная ретушь;Professional;9.84;01.10.2015
Лицо;Тональные основы;Skin Adapter ;Тональный крем ;881-12;167;Светло-бежевый;Professional;13.7;01.10.2015
Глаза;Тени;La Mia Italia тени;;705-14;182;Смоки;La Mia Italia;16.68;01.10.2010
Глаза;Тени;La Mia Italia тени;;705-14;69;Бежевый;La Mia Italia;16.68;01.10.2010
Глаза;Тушь для ресниц;Big and Bigger Lashes;Тушь для ресниц мега объем;475-17;208;Черный;Relouis;6.38;01.10.2010
Глаза;Тушь для ресниц;Big Bomble Bee;Тушь для ресниц с панорамным эффектом ;469-16;208;Черный;Relouis;6.38;01.10.2010
Глаза;Подводки;Artistic Elegant Slim Contour;Подводка-фломастер для глаза;1705-13;208;Черный;Relouis;5.49;01.10.2010
Глаза;Тушь для ресниц;Best Daily Mascara;Тушь для ресниц;464-14;208;Черный;Relouis;4.55;01.10.2010
Глаза;Тушь для ресниц;Best Clubby Mascara;Тушь для ресниц;465-14;208;Черный;Relouis;5.65;01.10.2010
Лицо;Мицеллярная вода;Aqua Beauty;Мицеллярная вода;100-12;71;Бесцветный;Relouis;5.69;01.10.2010
Лицо;Мицеллярная вода;Aqua Beauty;Мицеллярная вода;110-12;71;Бесцветный;Relouis;5.69;01.10.2010
Ногти;Базовые покрытия и средства для укрепления ногтей;7IN1 Elixir;Мультифункциональное средство для ухода за ногтями;1939-14;71;Бесцветный;Relouis;3.72;01.10.2010
Лицо;Пудры;Artworklook ;Крем-пудра компактная;750-14;116;Кремовая пастель;Professional;8.91;01.10.2010
Лицо;Пудры;Artworklook ;Крем-пудра компактная;750-14;127;Медовая пастель;Professional;8.91;01.10.2010
Лицо;Пудры;Artworklook ;Крем-пудра компактная;750-14;142;Песочная пастель;Professional;8.91;01.10.2010
Лицо;Пудры;Artworklook ;Крем-пудра компактная;750-14;68;Бежевая пастель;Professional;8.91;01.10.2010
Глаза;Контурные карандаши;Artistic Velvet Kajal Contour;Караншдаш механический для глаз;1704-13;109;Коричневый;Relouis;3.3;01.10.2010
Глаза;Контурные карандаши;Artistic Velvet Kajal Contour;Караншдаш механический для глаз;1704-13;208;Черный;Relouis;3.3;01.10.2010
Губы;Губные помады;Alta Moda матовая;Помада губная;520-16;03;Berry Velvet;Alta Moda;4.5;01.10.2010
Губы;Губные помады;Alta Moda матовая;Помада губная;520-16;04;Bordo Velvet;Alta Moda;4.5;01.10.2010
Губы;Губные помады;Alta Moda матовая;Помада губная;520-16;07;Coral Velvet;Alta Moda;4.5;01.10.2010
Губы;Губные помады;Alta Moda матовая;Помада губная;520-16;08;Creamy Velvet;Alta Moda;4.5;01.10.2010
Губы;Губные помады;Alta Moda матовая;Помада губная;520-16;09;Damask Velvet;Alta Moda;4.5;01.10.2010
Губы;Губные помады;Alta Moda матовая;Помада губная;520-16;12;Fuchsia Velvet;Alta Moda;4.5;01.10.2010
Губы;Губные помады;Alta Moda матовая;Помада губная;520-16;14;Hazel Velvet;Alta Moda;4.5;01.10.2010
Губы;Губные помады;Alta Moda матовая;Помада губная;520-16;17;Lilac Velvet;Alta Moda;4.5;01.10.2010
Губы;Губные помады;Alta Moda матовая;Помада губная;520-16;19;Marsala Velvet;Alta Moda;4.5;01.10.2010
Губы;Губные помады;Alta Moda матовая;Помада губная;520-16;20;Mauve Velvet;Alta Moda;4.5;01.10.2010
Губы;Губные помады;Alta Moda матовая;Помада губная;520-16;24;Nude Velvet;Alta Moda;4.5;01.10.2010
Губы;Губные помады;Alta Moda матовая;Помада губная;520-16;25;Peony Velvet;Alta Moda;4.5;01.10.2010
Губы;Губные помады;Alta Moda матовая;Помада губная;520-16;26;Punch Velvet;Alta Moda;4.5;01.10.2010
Губы;Губные помады;Alta Moda матовая;Помада губная;520-16;27;Purple Velvet;Alta Moda;4.5;01.10.2010
Губы;Губные помады;Alta Moda матовая;Помада губная;520-16;28;Rasberry Velvet;Alta Moda;4.5;01.10.2010
Губы;Губные помады;Alta Moda матовая;Помада губная;520-16;29;Red Velvet;Alta Moda;4.5;01.10.2010
Губы;Губные помады;Alta Moda матовая;Помада губная;520-16;30;Rosy Velvet;Alta Moda;4.5;01.10.2010
Губы;Губные помады;Alta Moda матовая;Помада губная;520-16;32;Scarlet Velvet;Alta Moda;4.5;01.10.2010
Губы;Губные помады;Alta Moda матовая;Помада губная;520-16;33;Smoky Velvet;Alta Moda;4.5;01.10.2010
Губы;Губные помады;Alta Moda матовая;Помада губная;520-16;52;Wine Velvet;Alta Moda;4.5;01.10.2010
Глаза;Тушь для ресниц;Emotion Proof;Тушь для ресниц водостойкая;476-17;208;Черный;Relouis;-;01.10.2010
